Time,TOPUPCC:rdEffBoostR [%],TOPUPCC:rdCur [mA],LINAC1C:rdHVS_C [µA],TOPUPCC:rdCurrentB [mA],PAHB:sDelay [ns],CUMZD4R:rdLt10 [h],PAHR:sCavSet []
08/05/2017 04:19:02.147134,78.4829,47.7988,-3.6458,0.694051,1.7,-0.112353,1120
08/05/2017 04:19:03.146501,78.8822,48.0049,-3.6458,0.64968,1.7,-0.109211,1120
08/05/2017 04:19:04.145812,79.5609,48.0049,-3.6458,0.653755,1.7,-0.115968,1120
08/05/2017 04:19:05.145064,79.5609,48.2446,-3.6458,0.718255,1.7,-0.111371,1120
08/05/2017 04:19:06.144408,78.2286,48.245,-3.6458,0.707866,1.7,-0.117283,1120
08/05/2017 04:19:07.143688,78.2286,48.4826,-3.6458,0.708504,1.7,-0.112331,1120
08/05/2017 04:19:08.143002,78.284,48.4829,-3.6458,0.748066,1.7,-0.117933,1120
08/05/2017 04:19:09.142175,78.284,48.712,-3.6458,0.730151,1.7,-0.112025,1120
08/05/2017 04:19:10.141355,78.4649,48.7122,-3.6458,0.730151,1.7,-0.116466,1120
08/05/2017 04:19:11.140539,78.4649,48.9503,-3.6458,0.650705,1.7,-0.110407,1120
08/05/2017 04:19:12.139824,79.8732,48.9487,-3.6458,0.725015,1.7,-0.114803,1120
08/05/2017 04:19:13.138993,79.8732,49.1673,-3.81947,0.719691,1.7,-0.111017,1120
08/05/2017 04:19:14.138263,78.9203,49.1662,-3.81947,-0.00456975,1.7,-0.119278,1120
08/05/2017 04:19:15.137466,78.9203,49.1666,-3.6458,0.00227269,1.7,-0.128407,1120
08/05/2017 04:19:16.137202,78.9203,49.1665,-3.6458,0.000336716,1.7,-0.153963,1120
08/05/2017 04:19:17.137170,78.9203,49.1655,-3.6458,-0.0178828,1.7,-0.184009,1120
08/05/2017 04:19:18.136599,78.9203,49.1647,-3.81947,-0.00809829,1.7,-0.255881,1120
08/05/2017 04:19:19.136531,78.9203,49.1642,-3.6458,-0.00742465,1.7,-0.357367,1120
08/05/2017 04:19:20.136150,78.9203,49.163,-3.6458,-0.000244029,1.7,-0.698142,1120
08/05/2017 04:19:21.135599,78.9203,49.1607,-3.6458,8.11455e-05,1.7,-1.38906,1120
08/05/2017 04:19:22.134715,78.9203,49.1614,-3.6458,-0.0111374,1.7,20.3333,1120
08/05/2017 04:19:23.134593,78.9203,49.16,-3.81947,-0.00640148,1.7,21.7767,1120
08/05/2017 04:19:24.134591,78.9203,49.1612,-3.81947,-0.00338927,1.7,21.61,1120
08/05/2017 04:19:25.134497,78.9203,49.1595,-3.6458,1.14286e-05,1.7,20.8027,1120
08/05/2017 04:19:26.134178,78.9203,49.1585,-3.6458,0.00550566,1.7,-14.3738,1120
08/05/2017 04:19:27.133239,79.8728,49.3953,-3.6458,0.71618,1.7,-0.998973,1120
08/05/2017 04:19:28.132232,79.8728,49.3958,-3.6458,0.706078,1.7,-0.541067,1120
08/05/2017 04:19:29.132211,80.0346,49.6414,-3.6458,0.703111,1.7,-0.300096,1120
08/05/2017 04:19:30.131337,79.5319,49.6399,-3.81947,0.748949,1.7,-0.222446,1120
08/05/2017 04:19:31.130443,77.8249,49.8745,-3.47219,0.748707,1.7,-0.165752,1120
08/05/2017 04:19:32.129760,77.8249,49.8741,-3.6458,0.708308,1.7,-0.142276,1120
08/05/2017 04:19:33.129015,78.6503,50.1029,-3.6458,0.696692,1.7,-0.122456,1120
08/05/2017 04:19:34.128882,80.0972,50.1029,-3.81947,0.716044,1.7,-0.116738,1120
08/05/2017 04:19:40.124752,78.6115,0.274759,-3.6458,0.69016,0,0.00206896,1120
08/05/2017 04:19:41.124301,74.7703,0.486768,-3.81947,0.710005,0,0.00194457,1120
08/05/2017 04:19:42.123459,74.7703,0.486979,-3.6458,0.681864,0,0.00185317,1120
08/05/2017 04:19:43.122954,73.4153,0.695604,-3.6458,0.699091,0,0.00178638,1120
08/05/2017 04:19:44.122278,73.4153,0.697191,-3.81947,0.683949,0,0.0017483,1120
08/05/2017 04:19:45.121344,59.5522,0.862564,-3.81947,0.67688,0,0.00159071,1120
08/05/2017 04:19:46.120837,59.5003,0.861318,-3.6458,0.721313,0,0.00134869,1120
08/05/2017 04:19:47.119918,53.6801,1.02332,-3.6458,0.721313,0,0.00107719,1120
08/05/2017 04:19:48.119458,53.6801,1.02309,-3.6458,0.709796,0,0.000768036,1120
08/05/2017 04:19:49.118680,42.1496,1.11376,-3.6458,0.534101,0,0.000483422,1120
08/05/2017 04:19:50.117804,42.1496,1.11472,-3.6458,0.685981,0,7.10769e-05,1120
08/05/2017 04:19:51.117001,20.0048,1.16875,-3.6458,0.688433,0,-0.000303192,1120
08/05/2017 04:19:52.116173,19.6591,1.168,-3.6458,0.621022,0,-0.000962109,1120
08/05/2017 04:20:01.110424,48.6387,1.35017,-3.6458,0.696831,0,-0.0134678,1120
08/05/2017 04:20:02.109523,48.6387,1.35087,-3.81947,0.71807,0,-0.00868227,1120
08/05/2017 04:20:03.108620,49.576,1.51274,-3.6458,0.687897,0,-0.00503484,1120
08/05/2017 04:20:04.107877,58.5615,1.51423,-3.6458,0.645563,0,-0.00377483,1120
08/05/2017 04:20:05.107773,58.5615,1.72053,-3.47219,0.656836,0,-0.00268866,1120
08/05/2017 04:20:06.106911,70.5518,1.71955,-3.6458,0.680832,0,-0.0023174,1120
08/05/2017 04:20:07.106141,70.5518,1.91955,-3.6458,0.695463,0,-0.00199552,1120
08/05/2017 04:20:08.105459,71.5363,1.91914,-3.47219,0.668763,0,-0.00202353,1120
08/05/2017 04:20:09.104665,71.2877,2.11474,-3.47219,0.666204,0,-0.00202036,1120
08/05/2017 04:20:10.103881,71.2877,2.11421,-3.6458,0.679784,0,-0.00231026,1120
08/05/2017 04:20:11.103114,70.8401,2.32577,-3.6458,0.733796,0,-0.00234848,1120
08/05/2017 04:20:12.102215,70.8401,2.32593,-3.6458,0.709051,0,-0.00272178,1120
08/05/2017 04:20:13.101457,71.0243,2.52407,-3.6458,0.689975,0,-0.00281802,1120
08/05/2017 04:20:14.100549,71.0243,2.52421,-3.6458,0.67964,0,-0.00330038,1120
08/05/2017 04:20:15.099745,70.7891,2.71188,-3.6458,0.658983,0,-0.00339254,1120
08/05/2017 04:20:16.098908,70.465,2.71029,-3.6458,0.66798,0,-0.00391215,1120
08/05/2017 04:20:17.097967,70.465,2.91639,-3.6458,0.719249,0,-0.00395602,1120
08/05/2017 04:20:18.097479,70.4671,2.9169,-3.6458,0.720513,0,-0.00449176,1120
08/05/2017 04:20:19.096649,70.4671,3.11664,-3.6458,0.698224,0,-0.00453283,1120
08/05/2017 04:20:20.096519,70.8221,3.11494,-3.6458,0.691719,0,-0.00511619,1120
08/05/2017 04:20:21.095527,70.8221,3.30992,-3.6458,0.674221,0,-0.00509568,1120
08/05/2017 04:20:22.094742,71.9797,3.30843,-3.6458,0.667377,0,-0.00566508,1120
08/05/2017 04:20:23.093852,71.7315,3.5177,-3.6458,0.713309,0.05,-0.0055735,1120
08/05/2017 04:20:24.092895,71.7315,3.52006,-3.47219,0.21901,0.05,-0.00618344,1120
08/05/2017 04:20:25.092244,70.9687,3.59787,-3.47219,0.222955,0.05,-0.00658722,1120
08/05/2017 04:20:26.091508,67.6224,3.59866,-3.47219,0.28082,0.05,-0.00774492,1120
08/05/2017 04:20:27.090743,67.6224,3.78595,-3.6458,0.67009,0.05,-0.00795003,1120
08/05/2017 04:20:28.089849,69.2591,3.78633,-3.6458,0.669545,0.05,-0.00905641,1120
08/05/2017 04:20:29.089472,69.2591,3.97931,-3.6458,0.662356,0.05,-0.00892593,1120
08/05/2017 04:20:30.088568,69.7016,3.98044,-3.47219,0.685546,0.05,-0.00976378,1120
08/05/2017 04:20:31.087707,69.7016,4.1801,-3.6458,0.307243,0.05,-0.00923648,1120
08/05/2017 04:20:32.086845,69.7228,4.18018,-3.6458,0.706375,0.05,-0.00968261,1120
08/05/2017 04:20:33.085982,69.7228,4.3725,-3.6458,0.699336,0.1,-0.00880043,1120
08/05/2017 04:20:34.085223,67.8657,4.37176,-3.6458,0.699013,0.1,-0.00890689,1120
08/05/2017 04:20:35.084262,67.8657,4.58048,-3.6458,0.677705,0.1,-0.00863101,1120
08/05/2017 04:20:36.083345,68.9616,4.57916,-3.6458,0.750258,0.1,-0.00927829,1120
08/05/2017 04:20:37.082400,68.9616,4.76577,-3.81947,0.728204,0.1,-0.00909375,1120
08/05/2017 04:20:38.081531,63.6769,4.76612,-3.6458,0.731846,0.1,-0.00988377,1120
08/05/2017 04:20:39.080609,63.6769,4.94807,-3.6458,0.682701,0.1,-0.00976808,1120
08/05/2017 04:20:40.079939,64.6036,4.94653,-3.6458,0.694594,0.1,-0.0106935,1120
08/05/2017 04:20:41.078934,64.6036,5.14692,-3.6458,0.74247,0.1,-0.0104642,1120
08/05/2017 04:20:42.078107,64.9716,5.14918,-3.6458,0.720908,0.1,-0.0113476,1120
08/05/2017 04:20:43.077269,64.8589,5.34597,-3.6458,0.708227,0.15,-0.0110767,1120
08/05/2017 04:20:44.076287,64.8589,5.3446,-3.6458,0.750884,0.15,-0.011976,1120
08/05/2017 04:20:45.075327,61.2751,5.53554,-3.6458,0.701233,0.15,-0.0115801,1120
08/05/2017 04:20:46.074531,61.2751,5.53505,-3.47219,0.686219,0.15,-0.0123973,1120
08/05/2017 04:20:47.074452,61.2751,5.70951,-3.6458,0.686219,0.15,-0.0121427,1120
08/05/2017 04:20:48.073568,57.9332,5.70998,-3.6458,0.741642,0.15,-0.01315,1120
08/05/2017 04:20:49.073008,56.733,5.87606,-3.6458,0.731909,0.15,-0.0130915,1120
08/05/2017 04:20:50.072061,55.9118,5.87519,-3.47219,0.731909,0.15,-0.014433,1120
08/05/2017 04:20:51.071697,55.9118,6.04311,-3.47219,0.728429,0.15,-0.0143481,1120
08/05/2017 04:20:52.070803,56.0652,6.0422,-3.6458,0.736285,0.15,-0.0157524,1120
08/05/2017 04:20:53.069921,55.7748,6.21324,-3.6458,0.762817,0.2,-0.0154675,1120
08/05/2017 04:20:54.069053,55.7748,6.21466,-3.6458,0.75508,0.2,-0.0167859,1120
08/05/2017 04:20:55.068151,56.6098,6.38523,-3.6458,0.760288,0.2,-0.0162279,1120
08/05/2017 04:20:56.068110,56.991,6.38681,-3.6458,0.209733,0.2,-0.0175044,1120
08/05/2017 04:20:57.067181,53.9943,6.43932,-3.6458,0.224563,0.2,-0.0182418,1120
08/05/2017 04:20:58.066418,49.239,6.44149,-3.6458,0.253991,0.2,-0.0208247,1120
08/05/2017 04:20:59.065459,49.239,6.60307,-3.6458,0.757827,0.2,-0.0210117,1120
08/05/2017 04:21:00.064523,51.8326,6.60502,-3.6458,0.742416,0.2,-0.0233937,1120
08/05/2017 04:21:01.063684,51.8326,6.77042,-3.47219,0.727847,0.2,-0.0226536,1120
08/05/2017 04:21:02.062784,52.9106,6.77105,-3.47219,0.723833,0.2,-0.0242278,1120
08/05/2017 04:21:03.062699,52.9106,6.93256,-3.6458,0.718377,0.25,-0.0225072,1120
08/05/2017 04:21:04.061805,54.0141,6.93233,-3.6458,0.745965,0.25,-0.0230455,1120
08/05/2017 04:21:05.061222,53.6314,7.09559,-3.6458,0.737876,0.25,-0.0206156,1120
08/05/2017 04:21:06.060245,53.6314,7.09546,-3.6458,0.728414,0.25,-0.0204803,1120
08/05/2017 04:21:07.059404,50.8643,7.24632,-3.47219,0.713532,0.25,-0.0199675,1120
08/05/2017 04:21:08.058604,49.9562,7.24434,-3.6458,0.733872,0.25,-0.0214532,1120
08/05/2017 04:21:09.057779,47.6903,7.39177,-3.6458,0.729768,0.25,-0.0210671,1120
08/05/2017 04:21:10.056973,47.6903,7.3913,-3.6458,0.765778,0.25,-0.0227822,1120
08/05/2017 04:21:11.056234,48.3219,7.54754,-3.6458,0.75868,0.25,-0.0221606,1120
08/05/2017 04:21:12.055639,51.4941,7.54919,-3.6458,0.730832,0.25,-0.0237885,1120
08/05/2017 04:21:13.054902,50.9539,7.69709,-3.6458,0.728104,0.3,-0.0231181,1120
08/05/2017 04:21:14.053955,50.2056,7.69644,-3.47219,0.692486,0.3,-0.0248186,1120
08/05/2017 04:21:15.052959,50.2056,7.82847,-3.47219,0.692486,0.3,-0.0241853,1120
08/05/2017 04:21:16.052182,47.5518,7.8284,-3.47219,0.689059,0.3,-0.0259988,1120
08/05/2017 04:21:17.051473,42.4377,7.95034,-3.47219,0.654277,0.3,-0.0257309,1120
08/05/2017 04:21:18.050625,41.5247,7.94953,-3.47219,0.232699,0.3,-0.028038,1120
08/05/2017 04:21:19.050310,41.5247,8.07484,-3.47219,0.244967,0.3,-0.0279074,1120
08/05/2017 04:21:20.050030,42.5886,8.07613,-3.47219,0.717506,0.3,-0.030662,1120
08/05/2017 04:21:21.049646,42.4214,8.19646,-3.29865,0.707303,0.3,-0.0302231,1120
08/05/2017 04:21:22.049339,42.4214,8.19665,-3.47219,0.219538,0.3,-0.0328617,1120
08/05/2017 04:21:23.049236,39.7036,8.31226,-3.47219,0.215587,0.3,-0.0320195,1120
08/05/2017 04:21:24.048274,39.339,8.3121,-3.47219,0.717779,0.35,-0.0344022,1120
08/05/2017 04:21:25.047444,39.339,8.42768,-3.47219,0.717779,0.35,-0.0332751,1120
08/05/2017 04:21:26.046509,40.0165,8.42833,-3.47219,0.673389,0.35,-0.0356001,1120
08/05/2017 04:21:27.045924,25.8508,8.50165,-3.47219,0.662656,0.35,-0.0358508,1120
08/05/2017 04:21:28.045137,25.485,8.50183,-3.29865,0.714627,0.35,-0.0401022,1120
08/05/2017 04:21:32.043310,24.9679,8.59298,-3.29865,0.698563,0.35,-0.0683361,1120
08/05/2017 04:21:33.042498,24.9679,8.66206,-3.47219,0.68935,0.35,-0.0702618,1120
08/05/2017 04:21:34.041594,25.1587,8.66329,-3.47219,0.694076,0.4,-0.0803312,1120
08/05/2017 04:21:35.040739,25.1587,8.72761,-3.47219,0.283627,0.4,-0.0744868,1120
08/05/2017 04:21:36.039841,21.3421,8.72836,-3.47219,0.733725,0.4,-0.076679,1120
08/05/2017 04:21:37.039211,21.3421,8.75478,-3.47219,0.701917,0.4,-0.0731489,1120
08/05/2017 04:21:38.038317,-1,8.75515,-3.47219,0.719531,0.4,-0.0769482,1120
08/05/2017 04:21:39.037395,-1,8.78061,-3.47219,0.693166,0.4,-0.0828003,1120
08/05/2017 04:21:40.036755,-1,8.78153,-3.47219,0.6872,0.4,-0.0994623,1120
08/05/2017 04:21:41.035797,-1,8.8082,-3.47219,0.720108,0.4,-0.109701,1120
08/05/2017 04:21:42.034869,-1,8.80967,-3.6458,0.739221,0.4,-0.135961,1120
08/05/2017 04:21:43.034391,-1,8.83386,-3.47219,0.721713,0.4,-0.146494,1120
08/05/2017 04:21:44.033925,-1,8.83327,-3.47219,0.728498,0.45,-0.177824,1120
08/05/2017 04:21:45.033854,-1,8.84013,-3.47219,0.691544,0.45,-0.186953,1120
08/05/2017 04:21:46.033779,-1,8.83954,-3.47219,0.187843,0.45,-0.217331,1120
08/05/2017 04:21:47.033002,-1,8.84409,-3.47219,0.175739,0.45,-0.24115,1120
08/05/2017 04:21:48.032238,-1,8.84449,-3.47219,0.747442,0.45,-0.305323,1120
08/05/2017 04:21:49.031464,-1,8.85023,-3.47219,0.714183,0.45,-0.364624,1120
08/05/2017 04:21:50.030651,-1,8.85166,-3.47219,0.714414,0.45,-0.524047,1120
08/05/2017 04:21:51.029819,-1,8.85707,-3.47219,0.70288,0.45,-0.621858,1120
08/05/2017 04:21:52.029787,-1,8.85837,-3.6458,0.684397,0.45,-0.85946,1120
08/05/2017 04:21:53.029619,-1,8.86265,-3.47219,0.741847,0.45,-0.810454,1120
08/05/2017 04:21:54.029409,-1,8.86321,-3.47219,0.7421,0.5,-0.841214,1120
08/05/2017 04:21:55.028854,-1,8.86651,-3.47219,0.710728,0.5,-0.823646,1120
08/05/2017 04:21:56.028054,-1,8.86705,-3.6458,0.719455,0.5,-0.878791,1120
08/05/2017 04:21:57.027183,-1,8.8672,-3.47219,0.676799,0.5,-0.917878,1120
08/05/2017 04:21:58.026467,-1,8.867,-3.47219,0.679911,0.5,-1.09795,1120
08/05/2017 04:21:59.026049,-1,8.86858,-3.6458,0.733053,0.5,-1.28734,1120
08/05/2017 04:22:00.025304,-1,8.8681,-3.6458,0.743094,0.5,-1.78642,1120
08/05/2017 04:22:01.024469,-1,8.86941,-3.47219,0.704111,0.5,-2.24779,1120
08/05/2017 04:22:02.024309,-1,8.86838,-3.47219,0.714721,0.5,-3.77664,1120
08/05/2017 04:22:03.023531,-1,8.86982,-3.47219,0.684756,0.5,-4.575,1120
08/05/2017 04:22:04.023030,-1,8.86947,-3.47219,0.746587,0.55,-9.3906,1120
08/05/2017 04:22:05.022221,-1,8.86929,-3.47219,0.244874,0.55,-10.3132,1120
08/05/2017 04:22:06.021341,-1,8.87005,-3.47219,0.241289,0.55,-20.8521,1120
08/05/2017 04:22:07.020617,-1,8.86943,-3.47219,0.696431,0.55,-44.7075,1120
08/05/2017 04:22:08.019789,-1,8.87012,-3.47219,0.67944,0.55,20.6767,1120
08/05/2017 04:22:09.019800,-1,8.86899,-3.47219,0.674073,0.55,18.6913,1120
08/05/2017 04:22:10.018990,-1,8.86893,-3.47219,0.696251,0.55,25.1761,1120
08/05/2017 04:22:11.018987,-1,8.86956,-3.47219,0.297023,0.55,17.4548,1120
08/05/2017 04:22:12.018604,-1,8.86696,-3.47219,0.734661,0.55,11.1228,1120
08/05/2017 04:22:13.018324,-1,8.86835,-3.6458,0.734661,0.55,19.4282,1120
08/05/2017 04:22:14.017468,-1,8.86771,-3.47219,0.704664,0.6,57.4025,1120
08/05/2017 04:22:15.016505,-1,8.86829,-3.47219,0.666209,0.6,171.883,1120
08/05/2017 04:22:16.015885,-1,8.86622,-3.29865,0.743862,0.6,24.7004,1120
08/05/2017 04:22:17.015102,-1,8.86622,-3.47219,0.743862,0.6,19.9067,1120
08/05/2017 04:22:18.014214,-1,8.86638,-3.6458,0.722444,0.6,12.3177,1120
08/05/2017 04:22:19.013249,-1,8.86708,-3.47219,0.702729,0.6,12.3369,1120
08/05/2017 04:22:20.012458,-1,8.86763,-3.47219,0.674469,0.6,14.7769,1120
08/05/2017 04:22:21.011546,-1,8.86698,-3.47219,0.671703,0.6,11.7208,1120
08/05/2017 04:22:22.010560,-1,8.86714,-3.47219,0.739926,0.6,8.86125,1120
08/05/2017 04:22:23.009804,-1,8.86733,-3.47219,0.729379,0.6,7.93395,1120
08/05/2017 04:22:24.008897,-1,8.86576,-3.47219,0.716317,0.65,11.9949,1120
08/05/2017 04:22:25.008082,-1,8.86587,-3.47219,0.702353,0.65,22.127,1120
08/05/2017 04:22:26.007181,-1,8.86517,-3.47219,0.686124,0.65,20.582,1120
08/05/2017 04:22:27.006585,-1,8.86528,-3.47219,0.675729,0.65,39.4952,1120
08/05/2017 04:22:28.006106,-1,8.86449,-3.47219,0.744983,0.65,52.1921,1120
08/05/2017 04:22:29.005202,-1,8.86534,-3.47219,0.734304,0.65,115.385,1120
08/05/2017 04:22:30.004385,-1,8.86568,-3.47219,0.74772,0.65,-409.126,1120
08/05/2017 04:22:31.003465,-1,8.86464,-3.29865,0.711111,0.65,153.286,1120
08/05/2017 04:22:32.002609,-1,8.86586,-3.47219,0.711083,0.65,98.6896,1120
08/05/2017 04:22:33.001661,-1,8.8655,-3.47219,0.678398,0.65,45.5422,1120
08/05/2017 04:22:34.000851,-1,8.8644,-3.47219,0.750803,0.7,48.8832,1120
08/05/2017 04:22:35.000826,-1,8.86627,-3.6458,0.72066,0.7,-77.1713,1120
08/05/2017 04:22:35.999954,-1,8.8652,-3.47219,0.355849,0.7,47.0561,1120
08/05/2017 04:22:36.999037,-1,8.86625,-3.29865,0.355849,0.7,103.626,1120
08/05/2017 04:22:37.998112,-1,8.86634,-3.47219,0.327307,0.7,47.9032,1120
08/05/2017 04:22:38.997146,-1,8.86698,-3.47219,0.66027,0.7,-47.4598,1120
08/05/2017 04:22:39.996176,-1,8.86663,-3.47219,0.768719,0.7,-16.6626,1120
08/05/2017 04:22:40.995247,-1,8.86728,-3.29865,0.699174,0.7,-19.9704,1120
08/05/2017 04:22:41.994320,-1,8.86703,-3.47219,0.702961,0.7,-13.5801,1120
08/05/2017 04:22:42.993522,-1,8.86796,-3.47219,0.704781,0.7,-9.83536,1120
08/05/2017 04:22:43.992632,-1,8.86799,-3.47219,0.323686,0.75,-7.15944,1120
08/05/2017 04:22:44.992555,-1,8.8694,-3.47219,0.320957,0.75,-5.68206,1120
08/05/2017 04:22:45.991624,-1,8.87168,-3.47219,0.675913,0.75,-5.85051,1120
08/05/2017 04:22:46.990730,-1,8.87553,-3.29865,0.704354,0.75,-3.32911,1120
08/05/2017 04:22:47.989751,-1,8.87686,-3.6458,0.71917,0.75,-2.54226,1120
08/05/2017 04:22:48.988870,-1,8.8815,-3.47219,0.689072,0.75,-1.6629,1120
08/05/2017 04:22:49.987881,-1,8.88353,-3.47219,0.709641,0.75,-1.29626,1120
08/05/2017 04:22:50.987851,-1,8.88713,-3.29865,0.673606,0.75,-1.02177,1120
08/05/2017 04:22:51.986971,-1,8.88909,-3.47219,0.744198,0.75,-0.919828,1120
08/05/2017 04:22:52.986023,-1,8.89484,-3.29865,0.375439,0.75,-0.820985,1120
08/05/2017 04:22:53.986017,-1,8.89551,-3.47219,0.719068,0.8,-0.776434,1120
08/05/2017 04:22:54.985064,-1,8.89551,-3.47219,0.703629,0.8,-0.733707,1120
08/05/2017 04:22:55.984998,-1,8.90656,-3.47219,0.711864,0.8,-0.74558,1120
08/05/2017 04:22:56.984107,-1,8.92129,-3.47219,0.681015,0.8,-0.593463,1120
08/05/2017 04:22:57.984082,-1,8.92677,-3.47219,0.7735,0.8,-0.524516,1120
08/05/2017 04:22:58.983227,-1,8.94083,-3.47219,0.727336,0.8,-0.408932,1120
08/05/2017 04:22:59.982470,-1,8.94612,-3.47219,0.744648,0.8,-0.361016,1120
08/05/2017 04:23:00.981504,-1,8.95916,-3.29865,0.712629,0.8,-0.298004,1120
08/05/2017 04:23:01.980689,-1,8.9664,-3.29865,0.715696,0.8,-0.278641,1120
08/05/2017 04:23:02.979866,-1,8.98054,-3.47219,0.694071,0.8,-0.248746,1120
08/05/2017 04:23:03.978971,-1,8.98671,-3.29865,0.756226,0.85,-0.243478,1120
08/05/2017 04:23:04.978047,-1,9.00181,-3.47219,0.731249,0.85,-0.228753,1120
08/05/2017 04:23:05.977237,-1,9.01295,-3.47219,0.738729,0.85,-0.235139,1120
08/05/2017 04:23:06.976435,-1,9.03439,-3.47219,0.698164,0.85,-0.21002,1120
08/05/2017 04:23:07.975600,-1,9.04527,-3.47219,0.700034,0.85,-0.206381,1120
08/05/2017 04:23:08.974689,-1,9.06611,-3.47219,0.681267,0.85,-0.18153,1120
08/05/2017 04:23:09.973878,-1,9.06611,-3.47219,0.74028,0.85,-0.17758,1120
08/05/2017 04:23:10.973050,-1,9.07094,-3.47219,0.720367,0.85,-0.168349,1120
08/05/2017 04:23:11.973008,-1,9.08204,-3.47219,0.352627,0.85,-0.175016,1120
08/05/2017 04:23:12.972216,-1,9.09585,-3.29865,0.697088,0.85,-0.164032,1120
08/05/2017 04:23:13.971348,-1,9.11912,-3.47219,0.742774,0.9,-0.168919,1120
08/05/2017 04:23:14.970389,-1,9.13304,-3.6458,0.684926,0.9,-0.156748,1120
08/05/2017 04:23:15.969577,-1,9.15634,-3.6458,0.748797,0.9,-0.159529,1120
08/05/2017 04:23:16.968718,-1,9.17905,-3.29865,0.732762,0.9,-0.135715,1120
08/05/2017 04:23:17.967967,19.3481,9.21557,-3.47219,0.742322,0.9,-0.128804,1120
08/05/2017 04:23:18.967703,19.3481,9.23523,-3.47219,0.713797,0.9,-0.109425,1120
08/05/2017 04:23:19.966929,18.2744,9.267,-3.29865,0.703881,0.9,-0.103819,1120
08/05/2017 04:23:20.966086,18.2744,9.28803,-3.29865,0.685294,0.9,-0.0940897,1120
08/05/2017 04:23:21.965176,17.9826,9.34257,-3.29865,0.73923,0.9,-0.0941636,1120
08/05/2017 04:23:22.964408,17.9826,9.37717,-3.29865,0.7066,0.9,-0.087594,1120
08/05/2017 04:23:23.963654,18.5143,9.39849,-3.29865,0.723577,0.95,-0.0898628,1120
08/05/2017 04:23:24.962699,18.5143,9.39849,-3.29865,0.675947,0.95,-0.0866495,1120
08/05/2017 04:23:25.961941,18.1951,9.42927,-3.29865,0.706048,0.95,-0.0916003,1120
08/05/2017 04:23:26.961031,18.1951,9.45872,-3.29865,0.671155,0.95,-0.0851163,1120
08/05/2017 04:23:27.960192,21.8169,9.49922,-3.29865,0.771831,0.95,-0.0868838,1120
08/05/2017 04:23:28.960058,21.8169,9.53178,-3.12504,0.718197,0.95,-0.0792298,1120
08/05/2017 04:23:29.959292,24.6664,9.57283,-3.29865,0.72873,0.95,-0.0799033,1120
08/05/2017 04:23:30.958501,24.6664,9.60333,-3.29865,0.695868,0.95,-0.0736149,1120
08/05/2017 04:23:31.957660,24.3859,9.64262,-3.29865,0.697876,0.95,-0.0746293,1120
08/05/2017 04:23:32.957480,24.3859,9.67681,-3.29865,0.741609,0.95,-0.0688559,1120
08/05/2017 04:23:33.956798,25.1973,9.7195,-3.29865,0.742743,1,-0.0701267,1120
08/05/2017 04:23:34.955911,25.1973,9.7521,-3.29865,0.720649,1,-0.066576,1120
08/05/2017 04:23:35.955048,25.0218,9.79272,-3.47219,0.734968,1,-0.0693294,1120
08/05/2017 04:23:36.954240,25.0218,9.83952,-3.29865,0.233569,1,-0.0637031,1120
08/05/2017 04:23:37.953449,34.5331,9.8936,-3.29865,0.705906,1,-0.0646312,1120
08/05/2017 04:23:38.952946,34.5331,9.94144,-3.29865,0.21863,1,-0.0584589,1120
08/05/2017 04:23:39.952262,34.3286,9.99597,-3.29865,0.731067,1,-0.0590841,1120
08/05/2017 04:23:40.951538,34.3286,10.012,-3.29865,0.192402,1,-0.0586517,1120
08/05/2017 04:23:43.949200,31.1843,10.1237,-3.29865,0.216083,1.05,-0.0659388,1120
08/05/2017 04:23:44.948388,31.1843,10.1715,-3.29865,0.219897,1.05,-0.0632904,1120
08/05/2017 04:23:45.947644,31.2598,10.2205,-3.29865,0.746878,1.05,-0.0677145,1120
08/05/2017 04:23:49.944548,43.9539,10.3977,-3.12504,0.72247,1.05,-0.0608958,1120
08/05/2017 04:23:50.943754,43.9539,10.4669,-3.29865,0.70019,1.05,-0.0547939,1120
08/05/2017 04:23:51.943070,43.8313,10.5314,-3.29865,0.758265,1.05,-0.0547464,1120
08/05/2017 04:23:52.942285,43.8313,10.5996,-3.29865,0.743546,1.05,-0.0486266,1120
08/05/2017 04:23:53.941723,45.516,10.6631,-3.29865,0.723616,1.1,-0.0479366,1120
08/05/2017 04:23:54.941323,45.516,10.7294,-3.29865,0.708078,1.1,-0.0428615,1120
08/05/2017 04:23:55.940406,44.8418,10.7915,-3.12504,0.717055,1.1,-0.0428368,1120
08/05/2017 04:23:56.939527,44.8418,10.8114,-3.47219,0.757856,1.1,-0.044275,1120
08/05/2017 04:23:59.936970,50.4321,10.9764,-3.12504,0.727389,1.1,-0.0543158,1120
08/05/2017 04:24:00.935976,50.4321,11.0078,-3.12504,0.710722,1.1,-0.0552649,1120
08/05/2017 04:24:01.935216,51.0736,11.0353,-3.29865,0.283775,1.1,-0.0625176,1120
08/05/2017 04:24:02.934288,51.0736,11.0585,-3.29865,0.68663,1.1,-0.0650329,1120
08/05/2017 04:24:05.931691,50.8494,11.2211,-3.29865,0.691463,1.15,-0.0658326,1120
08/05/2017 04:24:06.930793,50.8494,11.3089,-3.12504,0.680934,1.15,-0.0592804,1120
08/05/2017 04:24:07.930819,53.9198,11.3735,-3.29865,0.70171,1.15,-0.0591762,1120
08/05/2017 04:24:08.929955,53.9198,11.4694,-3.29865,0.750414,1.15,-0.04884,1120
08/05/2017 04:24:09.929068,55.4281,11.5384,-3.29865,0.738912,1.15,-0.0453174,1120
08/05/2017 04:24:10.928247,55.4281,11.635,-3.29865,0.750864,1.15,-0.0395084,1120
08/05/2017 04:24:11.927419,55.7953,11.7034,-3.47219,0.731618,1.15,-0.0382855,1120
08/05/2017 04:24:12.926518,55.7953,11.8055,-3.47219,0.186293,1.15,-0.0358261,1120
08/05/2017 04:24:13.926484,53.912,11.8745,-3.6458,0.78243,1.2,-0.0370834,1120
08/05/2017 04:24:14.925577,53.912,11.9761,-3.47219,0.733829,1.2,-0.0351797,1120
08/05/2017 04:24:15.924774,55.4934,12.0394,-3.47219,0.740552,1.2,-0.0369133,1120
08/05/2017 04:24:16.924080,55.4934,12.1447,-3.47219,0.735406,1.2,-0.0352059,1120
08/05/2017 04:24:17.923250,57.6541,12.2115,-3.6458,0.735608,1.2,-0.0371518,1120
08/05/2017 04:24:18.923058,57.6541,12.3103,-3.47219,0.691826,1.2,-0.0357002,1120
08/05/2017 04:24:19.922683,55.4549,12.371,-3.47219,0.706707,1.2,-0.0379464,1120
08/05/2017 04:24:20.921770,55.4549,12.4798,-3.47219,0.74532,1.2,-0.036352,1120
08/05/2017 04:24:21.920988,57.1581,12.5436,-3.29865,0.752669,1.2,-0.0385391,1120
08/05/2017 04:24:22.920068,57.1581,12.6542,-3.47219,0.726498,1.2,-0.0367333,1120
08/05/2017 04:24:23.919853,57.7657,12.717,-3.47219,0.750961,1.25,-0.0387025,1120
08/05/2017 04:24:24.919860,57.7657,12.8332,-3.29865,0.691265,1.25,-0.036705,1120
08/05/2017 04:24:25.919416,57.1384,12.8971,-3.47219,0.781884,1.25,-0.0385457,1120
08/05/2017 04:24:26.918618,57.1384,13.0169,-3.47219,0.748265,1.25,-0.0363491,1120
08/05/2017 04:24:27.917815,59.1154,13.0812,-3.47219,0.764527,1.25,-0.0382924,1120
08/05/2017 04:24:28.916901,59.1154,13.1141,-3.47219,0.729586,1.25,-0.0395057,1120
08/05/2017 04:24:31.915226,59.9477,13.1883,-3.47219,0.242354,1.25,-0.0595562,1120
08/05/2017 04:24:32.914399,59.9477,13.3059,-3.47219,0.743946,1.25,-0.0600354,1120
08/05/2017 04:24:33.913502,58.8498,13.3619,-3.47219,0.728142,1.3,-0.0676005,1120
08/05/2017 04:24:34.912766,58.8498,13.4788,-3.81947,0.738184,1.3,-0.0611813,1120
08/05/2017 04:24:35.911865,55.517,13.5317,-3.6458,0.740041,1.3,-0.0616477,1120
08/05/2017 04:24:36.911044,55.517,13.6604,-3.47219,0.74153,1.3,-0.0505511,1120
08/05/2017 04:24:37.910192,62.1065,13.7163,-3.47219,0.746127,1.3,-0.046681,1120
08/05/2017 04:24:38.910120,62.1065,13.8503,-3.6458,0.766656,1.3,-0.0410134,1120
08/05/2017 04:24:39.909342,61.8928,13.9066,-3.6458,0.767514,1.3,-0.0401311,1120
08/05/2017 04:24:40.908596,61.8928,14.0417,-3.6458,0.74018,1.3,-0.0379065,1120
08/05/2017 04:24:41.907869,61.5885,14.097,-3.6458,0.757777,1.3,-0.0396034,1120
08/05/2017 04:24:42.906853,61.5885,14.2345,-3.47219,0.737208,1.3,-0.0374224,1120
08/05/2017 04:24:43.906085,60.1309,14.2885,-3.6458,0.79744,1.35,-0.0391722,1120
08/05/2017 04:24:44.905160,60.1309,14.4229,-3.6458,0.736137,1.35,-0.0374658,1120
08/05/2017 04:24:45.905197,59.7993,14.4735,-3.6458,0.762614,1.35,-0.0396484,1120
08/05/2017 04:24:46.904273,59.7993,14.6171,-3.6458,0.718808,1.35,-0.0378437,1120
08/05/2017 04:24:47.903505,66.1534,14.6694,-3.47219,0.734395,1.35,-0.0400061,1120
08/05/2017 04:24:48.903428,66.1534,14.8047,-3.47219,0.730596,1.35,-0.0383972,1120
08/05/2017 04:24:49.902563,67.9657,14.8519,-3.6458,0.661879,1.35,-0.0407407,1120
08/05/2017 04:24:50.902396,67.9657,15.0004,-3.6458,0.732763,1.35,-0.0388658,1120
08/05/2017 04:24:51.902339,66.7964,15.0516,-3.47219,0.749284,1.35,-0.0410625,1120
08/05/2017 04:24:52.901560,66.7964,15.1955,-3.47219,0.684504,1.35,-0.0391763,1120
08/05/2017 04:24:53.900804,66.603,15.2428,-3.6458,0.713733,1.4,-0.0413569,1120
08/05/2017 04:24:54.900025,66.603,15.3963,-3.6458,0.694944,1.4,-0.0393714,1120
08/05/2017 04:24:55.899321,66.5004,15.4441,-3.6458,0.758611,1.4,-0.0414551,1120
08/05/2017 04:24:56.898511,66.5004,15.6068,-3.47219,0.732598,1.4,-0.0390556,1120
08/05/2017 04:24:57.897684,72.068,15.6538,-3.47219,0.727769,1.4,-0.0407451,1120
08/05/2017 04:24:58.896853,72.068,15.8143,-3.6458,0.686618,1.4,-0.0386898,1120
08/05/2017 04:24:59.896106,71.545,15.8603,-3.6458,0.719204,1.4,-0.0406191,1120
08/05/2017 04:25:00.895279,71.545,16.0318,-3.6458,0.686932,1.4,-0.0383147,1120
08/05/2017 04:25:01.894397,71.7504,16.0782,-3.6458,0.754833,1.4,-0.0400147,1120
08/05/2017 04:25:02.894302,71.7504,16.2462,-3.47219,0.725823,1.4,-0.0380736,1120
08/05/2017 04:25:03.893557,72.4301,16.2886,-3.6458,0.718617,1.45,-0.0401582,1120
08/05/2017 04:25:04.892735,72.4301,16.4415,-3.6458,0.712401,1.45,-0.0387992,1120
08/05/2017 04:25:05.891928,71.025,16.4791,-3.6458,0.665118,1.45,-0.0414063,1120
08/05/2017 04:25:06.891096,71.025,16.6586,-3.6458,0.670428,1.45,-0.0395817,1120
08/05/2017 04:25:07.890230,74.6466,16.701,-3.6458,0.732639,1.45,-0.0419377,1120
08/05/2017 04:25:08.889438,74.6466,16.8768,-3.6458,0.434571,1.45,-0.04004,1120
08/05/2017 04:25:09.889253,74.4711,16.9156,-3.47219,0.717348,1.45,-0.0423902,1120
08/05/2017 04:25:10.888478,74.4711,17.0803,-3.6458,0.706078,1.45,-0.0405466,1120
08/05/2017 04:25:11.887789,72.7353,17.1155,-3.6458,0.681802,1.45,-0.0428808,1120
08/05/2017 04:25:12.886864,72.7353,17.2967,-3.6458,0.73536,1.45,-0.0407136,1120
08/05/2017 04:25:13.886108,74.8265,17.3319,-3.6458,0.719831,1.5,-0.0427808,1120
08/05/2017 04:25:14.885304,74.8265,17.5154,-3.6458,0.714479,1.5,-0.0409487,1120
08/05/2017 04:25:15.884564,75.0442,17.5496,-3.6458,0.720879,1.5,-0.0434591,1120
08/05/2017 04:25:16.883949,75.0442,17.722,-3.47219,0.398138,1.5,-0.0416472,1120
08/05/2017 04:25:17.883346,71.8436,17.7505,-3.6458,0.695441,1.5,-0.0442017,1120
08/05/2017 04:25:18.882480,71.8436,17.9346,-3.47219,0.729543,1.5,-0.0421431,1120
08/05/2017 04:25:19.881684,71.9659,17.967,-3.47219,0.742997,1.5,-0.0446931,1120
08/05/2017 04:25:20.880888,71.9659,18.0765,-3.6458,0.372985,1.5,-0.0447727,1120
08/05/2017 04:25:21.880153,71.346,18.0953,-3.6458,0.434816,1.5,-0.0494881,1120
08/05/2017 04:25:22.879337,71.346,18.2705,-3.6458,0.367157,1.5,-0.0486189,1120
08/05/2017 04:25:23.878514,74.1203,18.2974,-3.47219,0.671433,1.55,-0.0531367,1120
08/05/2017 04:25:24.877707,74.1203,18.4019,-3.6458,0.644869,1.55,-0.05344,1120
08/05/2017 04:25:25.876983,73.4006,18.4167,-3.47219,0.401125,1.55,-0.0593138,1120
08/05/2017 04:25:26.876342,73.4006,18.61,-3.6458,0.69435,1.55,-0.0564583,1120
08/05/2017 04:25:27.875451,73.0358,18.6336,-3.6458,0.737642,1.55,-0.0597443,1120
08/05/2017 04:25:28.874607,73.0358,18.7695,-3.6458,0.713708,1.55,-0.0560459,1120
08/05/2017 04:25:29.873724,72.3556,18.7854,-3.6458,0.515472,1.55,-0.0584022,1120
08/05/2017 04:25:30.872817,72.3556,18.8878,-3.6458,0.634184,1.55,-0.0582954,1120
08/05/2017 04:25:31.872405,70.7186,18.9005,-3.6458,0.389202,1.55,-0.0639164,1120
08/05/2017 04:25:32.871496,70.7186,19.0866,-3.6458,0.388294,1.55,-0.059758,1120
08/05/2017 04:25:33.870769,72.3187,19.1042,-3.47219,0.697853,1.6,-0.0619294,1120
08/05/2017 04:25:34.869932,72.3187,19.2942,-3.6458,0.677162,1.6,-0.0585045,1120
08/05/2017 04:25:35.869360,72.5061,19.3091,-3.6458,0.707461,1.6,-0.0612855,1120
08/05/2017 04:25:36.869106,72.5061,19.5111,-3.6458,0.746332,1.6,-0.0549038,1120
08/05/2017 04:25:37.868946,73.0637,19.5243,-3.6458,0.731129,1.6,-0.0545831,1120
08/05/2017 04:25:38.868639,73.0637,19.7263,-3.6458,0.701294,1.6,-0.0494523,1120
08/05/2017 04:25:39.867893,73.61,19.7409,-3.47219,0.73041,1.6,-0.0496925,1120
08/05/2017 04:25:40.867102,73.61,19.9363,-3.47219,0.700209,1.6,-0.0473934,1120
08/05/2017 04:25:41.866249,73.136,19.946,-3.6458,0.701992,1.6,-0.0499504,1120
08/05/2017 04:25:42.865347,73.136,20.1612,-3.6458,0.725678,1.6,-0.0474349,1120
08/05/2017 04:25:43.864594,73.3361,20.17,-3.6458,0.761323,1.65,-0.0499524,1120
08/05/2017 04:25:44.863805,73.3361,20.3811,-3.47219,0.720781,1.65,-0.0475749,1120
08/05/2017 04:25:45.862984,72.4609,20.39,-3.6458,0.743693,1.65,-0.0501859,1120
08/05/2017 04:25:46.862160,72.4609,20.5977,-3.6458,0.683832,1.65,-0.0477597,1120
08/05/2017 04:25:47.861427,75.1188,20.6056,-3.6458,0.711237,1.65,-0.0503068,1120
08/05/2017 04:25:48.860621,75.1188,20.842,-3.6458,0.667594,1.65,-0.0474393,1120
08/05/2017 04:25:49.859725,75.899,20.8417,-3.6458,0.775017,1.65,-0.0495536,1120
08/05/2017 04:25:50.858804,75.899,21.0645,-3.47219,0.753044,1.65,-0.0471464,1120
08/05/2017 04:25:51.858021,76.3126,21.0636,-3.47219,0.733871,1.65,-0.0496907,1120
08/05/2017 04:25:52.857005,76.3126,21.2792,-3.6458,0.723504,1.65,-0.0475205,1120
08/05/2017 04:25:53.856217,73.5031,21.2797,-3.6458,0.719507,1.7,-0.0502848,1120
08/05/2017 04:25:54.855415,73.5031,21.5135,-3.47219,0.764926,1.7,-0.0479339,1120
08/05/2017 04:25:55.854524,75.9329,21.5131,-3.6458,0.764632,1.7,-0.0506254,1120
08/05/2017 04:25:56.853610,75.9329,21.7421,-3.47219,0.733955,1.7,-0.048417,1120
08/05/2017 04:25:57.852749,77.7663,21.7423,-3.47219,0.728571,1.7,-0.0513338,1120
08/05/2017 04:25:58.851802,77.7663,21.9747,-3.6458,0.711918,1.7,-0.0486749,1120
08/05/2017 04:25:59.850861,78.8406,21.9757,-3.6458,0.737784,1.7,-0.0511182,1120
08/05/2017 04:26:00.850056,78.8406,22.2135,-3.6458,0.441292,1.7,-0.0483711,1120
08/05/2017 04:26:01.849323,79.0269,22.2112,-3.47219,0.745928,1.7,-0.0507256,1120
08/05/2017 04:26:02.848437,79.0269,22.4446,-3.6458,0.734857,1.7,-0.0484052,1120
08/05/2017 04:26:03.847605,79.2671,22.4445,-3.6458,0.732089,1.75,-0.0511489,1120
08/05/2017 04:26:04.846849,79.2671,22.6702,-3.6458,0.667725,1.75,-0.0489255,1120
08/05/2017 04:26:05.846092,77.3014,22.6709,-3.6458,0.732013,1.75,-0.0518313,1120
08/05/2017 04:26:06.845935,77.3014,22.9058,-3.6458,0.659875,1.75,-0.0495892,1120
08/05/2017 04:26:07.845055,77.4125,22.9074,-3.6458,0.747086,1.75,-0.0525782,1120
08/05/2017 04:26:08.844150,77.4125,23.1393,-3.6458,0.731113,1.75,-0.0502576,1120
08/05/2017 04:26:09.843396,78.462,23.14,-3.6458,0.7333,1.75,-0.0534635,1120
08/05/2017 04:26:10.842480,78.462,23.2708,-3.6458,0.403384,1.75,-0.0534762,1120
08/05/2017 04:26:11.841771,79.046,23.2703,-3.47219,0.408704,1.75,-0.0590416,1120
08/05/2017 04:26:12.840847,79.046,23.4988,-3.6458,0.725317,1.75,-0.0577259,1120
08/05/2017 04:26:13.840063,78.9532,23.5004,-3.6458,0.716912,1.8,-0.0624994,1120
08/05/2017 04:26:14.839582,78.9532,23.7315,-3.6458,0.698132,1.8,-0.0596454,1120
08/05/2017 04:26:15.838829,79.354,23.7324,-3.47219,0.726524,1.8,-0.0633179,1120
08/05/2017 04:26:16.838009,79.354,23.9416,-3.6458,0.685116,1.8,-0.0595914,1120
08/05/2017 04:26:17.837211,76.1751,23.9416,-3.6458,0.683194,1.8,-0.062111,1120
08/05/2017 04:26:18.836264,76.1751,24.1687,-3.6458,0.740316,1.8,-0.0569729,1120
08/05/2017 04:26:19.835378,76.5436,24.1684,-3.6458,0.737857,1.8,-0.0579006,1120
08/05/2017 04:26:20.834383,76.5436,24.3909,-3.6458,0.725253,1.8,-0.0554763,1120
08/05/2017 04:26:21.833587,76.4977,24.3912,-3.47219,0.727678,1.8,-0.058896,1120
08/05/2017 04:26:22.832775,76.4977,24.6073,-3.6458,0.708122,1.8,-0.0564112,1120
08/05/2017 04:26:23.832005,75.7328,24.6072,-3.6458,0.711585,1.85,-0.060137,1120
08/05/2017 04:26:24.831058,75.7328,24.7207,-3.6458,0.658544,1.85,-0.0603547,1120
08/05/2017 04:26:25.831030,75.3885,24.7208,-3.6458,0.363339,1.85,-0.0672319,1120
08/05/2017 04:26:26.830105,75.3885,24.808,-3.47219,0.330658,1.85,-0.0713378,1120
08/05/2017 04:26:27.829208,71.2608,24.8072,-3.6458,0.293282,1.85,-0.0848501,1120
08/05/2017 04:26:28.828409,71.2608,24.892,-3.6458,0.666476,1.85,-0.0927231,1120
08/05/2017 04:26:29.827596,69.9002,24.8929,-3.6458,0.295955,1.85,-0.113686,1120
08/05/2017 04:26:30.826679,69.9002,25.1065,-3.6458,0.747421,1.85,-0.108869,1120
08/05/2017 04:26:31.826523,71.1661,25.1068,-3.47219,0.739388,1.85,-0.116196,1120
08/05/2017 04:26:32.825682,71.1661,25.3185,-3.47219,0.701171,1.85,-0.0969698,1120
08/05/2017 04:26:33.824892,72.4575,25.3172,-3.6458,0.728452,1.9,-0.0918321,1120
08/05/2017 04:26:34.824025,72.4575,25.4308,-3.6458,0.703461,1.9,-0.0829497,1120
08/05/2017 04:26:35.823840,72.7424,25.4304,-3.6458,0.381777,1.9,-0.0824195,1120
08/05/2017 04:26:36.822869,72.7424,25.6345,-3.6458,0.728433,1.9,-0.0756411,1120
08/05/2017 04:26:37.822510,68.4668,25.6343,-3.6458,0.733299,1.9,-0.0769866,1120
08/05/2017 04:26:38.822464,68.4668,25.8397,-3.6458,0.709119,1.9,-0.0737112,1120
08/05/2017 04:26:39.822493,70.2734,25.8398,-3.6458,0.726088,1.9,-0.0784963,1120
08/05/2017 04:26:40.821600,70.2734,26.0381,-3.6458,0.288895,1.9,-0.073368,1120
08/05/2017 04:26:41.820768,70.0404,26.0378,-3.6458,0.705359,1.9,-0.0759376,1120
08/05/2017 04:26:42.820687,70.0404,26.2437,-3.47219,0.736441,1.9,-0.0691402,1120
08/05/2017 04:26:43.819922,68.6408,26.2425,-3.6458,0.739833,1.95,-0.0697769,1120
08/05/2017 04:26:44.819056,68.6408,26.4479,-3.47219,0.722569,1.95,-0.06645,1120
08/05/2017 04:26:45.818222,70.6743,26.4468,-3.6458,0.722453,1.95,-0.0701679,1120
08/05/2017 04:26:46.817270,70.6743,26.6438,-3.47219,0.688928,1.95,-0.0670981,1120
08/05/2017 04:26:47.816425,70.6708,26.6444,-3.47219,0.697883,1.95,-0.0714818,1120
08/05/2017 04:26:48.815535,70.6708,26.7509,-3.6458,0.733602,1.95,-0.0717911,1120
08/05/2017 04:26:49.814745,68.96,26.7512,-3.6458,0.381417,1.95,-0.0795633,1120
08/05/2017 04:26:50.813939,68.96,26.9539,-3.6458,0.724553,1.95,-0.0780469,1120
08/05/2017 04:26:51.813510,70.3505,26.9556,-3.6458,0.721542,1.95,-0.0849303,1120
08/05/2017 04:26:52.812545,70.3505,27.1526,-3.47219,0.694028,1.95,-0.0809709,1120
08/05/2017 04:26:53.811671,69.1708,27.152,-3.47219,0.706436,2,-0.0857236,1120
08/05/2017 04:26:54.810833,69.1708,27.3586,-3.6458,0.741531,2,-0.0789947,1120
08/05/2017 04:26:55.810079,69.1949,27.3592,-3.6458,0.740846,2,-0.0807909,1120
08/05/2017 04:26:56.809093,69.1949,27.5715,-3.6458,0.74361,2,-0.0728161,1120
08/05/2017 04:26:57.808300,69.1413,27.5726,-3.6458,0.76409,2,-0.0729516,1120
08/05/2017 04:26:58.807395,69.1413,27.7678,-3.6458,0.710179,2,-0.069601,1120
08/05/2017 04:26:59.806514,68.3045,27.7686,-3.6458,0.70911,2,-0.0735486,1120
08/05/2017 04:27:00.806101,68.3045,27.9755,-3.6458,0.746687,2,-0.0699705,1120
08/05/2017 04:27:01.805336,68.0806,27.9762,-3.6458,0.75941,2,-0.0737567,1120
08/05/2017 04:27:02.804537,68.0806,28.185,-3.6458,0.737994,2,-0.0703762,1120
08/05/2017 04:27:03.803754,69.8222,28.1845,-3.47219,0.742992,2.05,-0.0744469,1120
08/05/2017 04:27:04.802884,69.8222,28.3867,-3.6458,0.298171,2.05,-0.0710499,1120
08/05/2017 04:27:05.802003,69.7489,28.3874,-3.6458,0.721775,2.05,-0.0753001,1120
08/05/2017 04:27:06.801194,69.7489,28.5844,-3.6458,0.741172,2.05,-0.0718972,1120
08/05/2017 04:27:07.800535,65.361,28.5835,-3.47219,0.745799,2.05,-0.0760726,1120
08/05/2017 04:27:08.800073,65.361,28.7842,-3.6458,0.762537,2.05,-0.0730542,1120
08/05/2017 04:27:09.799842,65.9894,28.7847,-3.47219,0.746478,2.05,-0.0778185,1120
08/05/2017 04:27:10.799463,65.9894,28.972,-3.6458,0.736372,2.05,-0.0749743,1120
08/05/2017 04:27:11.798781,65.4488,28.9737,-3.6458,0.705562,2.05,-0.0800407,1120
08/05/2017 04:27:12.797961,65.4488,29.1767,-3.6458,0.724084,2.05,-0.07636,1120
08/05/2017 04:27:13.797254,67.2299,29.1764,-3.6458,0.749859,2,-0.0807785,1120
08/05/2017 04:27:14.796347,67.2299,29.3689,-3.47219,0.727967,2,-0.0769462,1120
08/05/2017 04:27:15.795638,65.1726,29.3686,-3.6458,0.726576,2,-0.0813344,1120
08/05/2017 04:27:16.794923,65.1726,29.5584,-3.6458,0.698557,2,-0.0777854,1120
08/05/2017 04:27:17.794616,67.3186,29.559,-3.6458,0.699631,2,-0.0824685,1120
08/05/2017 04:27:18.793799,67.3186,29.7726,-3.6458,0.756871,2,-0.0778512,1120
08/05/2017 04:27:19.793493,69.7034,29.7724,-3.6458,0.74877,2,-0.0815292,1120
08/05/2017 04:27:20.793408,69.7034,29.9857,-3.6458,0.745724,2,-0.0769494,1120
08/05/2017 04:27:21.792485,70.1009,29.9851,-3.6458,0.759248,2,-0.0806511,1120
08/05/2017 04:27:22.791547,70.1009,30.1926,-3.6458,0.732832,2,-0.0760074,1120
08/05/2017 04:27:23.790673,69.1793,30.192,-3.6458,0.732421,1.95,-0.0793348,1120
08/05/2017 04:27:24.789737,69.1793,30.4,-3.47219,0.778994,1.95,-0.0750729,1120
08/05/2017 04:27:25.789724,68.5113,30.4014,-3.6458,0.753671,1.95,-0.0787797,1120
08/05/2017 04:27:26.788842,68.5113,30.5978,-3.6458,0.767068,1.95,-0.075743,1120
08/05/2017 04:27:27.788467,66.5908,30.5976,-3.81947,0.721038,1.95,-0.080807,1120
08/05/2017 04:27:28.787884,66.5908,30.8028,-3.6458,0.706569,1.95,-0.0773912,1120
08/05/2017 04:27:29.787643,70.6175,30.8029,-3.6458,0.729013,1.95,-0.0821898,1120
08/05/2017 04:27:30.786727,70.6175,31.0135,-3.6458,0.781926,1.95,-0.0781666,1120
08/05/2017 04:27:31.785890,69.0942,31.0143,-3.6458,0.752642,1.95,-0.0825737,1120
08/05/2017 04:27:32.785770,69.0942,31.2136,-3.6458,0.749617,1.95,-0.0787486,1120
