Time,   TOPUPCC:rdEffBoostR [%],   TOPUPCC:rdCur [mA],   LINAC1C:rdHVS_C [µA],   TOPUPCC:rdCurrentB [mA],   PAHB:sDelay [ns],   CUMZD4R:rdLt10 [h],   PAHR:sCavSet [],   
08/05/2017 01:48:55.327677,   88.1873,   19.9819,   -3.81947,   0.818263,   1.7,   -0.346743,   500,   
08/05/2017 01:48:56.327397,   88.1873,   19.9756,   -3.81947,   0.354697,   1.7,   -0.205547,   500,   
08/05/2017 01:48:57.327359,   88.1873,   19.9681,   -3.6458,   0.832335,   1.7,   -0.161576,   500,   
08/05/2017 01:48:58.327257,   88.1873,   19.9621,   -3.6458,   0.804587,   1.7,   -0.146519,   500,   
08/05/2017 01:48:59.326512,   88.1873,   19.9548,   -3.6458,   0.805242,   1.7,   -0.147047,   500,   
08/05/2017 01:49:00.325868,   88.1873,   19.9487,   -3.81947,   0.807006,   1.7,   -0.16312,   500,   
08/05/2017 01:49:01.325147,   88.1873,   19.9401,   -3.81947,   0.828928,   1.7,   -0.208123,   500,   
08/05/2017 01:49:02.324709,   88.1873,   19.9335,   -3.81947,   0.818481,   1.7,   -0.35574,   500,   
08/05/2017 01:49:03.323862,   88.1873,   19.9266,   -3.81947,   0.820267,   1.7,   -5.35963,   500,   
08/05/2017 01:49:04.323053,   88.1873,   20.1508,   -3.6458,   0.791261,   1.7,   -5.61318,   500,   
08/05/2017 01:49:05.322777,   88.4467,   20.2016,   -3.6458,   0.81039,   1.7,   -0.359253,   500,   
08/05/2017 01:49:06.322436,   88.4467,   20.194,   -3.81947,   0.840893,   1.7,   -0.210967,   500,   
08/05/2017 01:49:07.322208,   88.4467,   20.1881,   -3.81947,   0.833886,   1.7,   -0.165308,   500,   
08/05/2017 01:49:08.322130,   88.4467,   20.1805,   -3.6458,   -0.00641951,   1.7,   -0.14944,   500,   
08/05/2017 01:49:09.321831,   88.4467,   20.1728,   -3.6458,   -0.00303533,   1.7,   -0.149852,   500,   
08/05/2017 01:49:10.321725,   88.4467,   20.1678,   -3.6458,   -0.00115582,   1.7,   -0.166068,   500,   
08/05/2017 01:49:11.321453,   88.4467,   20.1614,   -3.6458,   -0.00474878,   1.7,   -0.212403,   500,   
08/05/2017 01:49:12.320944,   88.4467,   20.1537,   -3.81947,   -0.00136176,   1.7,   -0.367221,   500,   
08/05/2017 01:49:13.320133,   88.4467,   20.1457,   -3.81947,   -0.00521553,   1.7,   -6.98211,   500,   
08/05/2017 01:49:14.319294,   88.4467,   20.1404,   -3.81947,   -0.00102357,   1.7,   0.766443,   500,   
08/05/2017 01:49:15.319099,   88.4467,   20.1322,   -3.81947,   -0.000665865,   1.7,   0.764425,   500,   
08/05/2017 01:49:16.318965,   88.4467,   20.1261,   -3.81947,   -0.00244177,   1.7,   0.771614,   500,   
08/05/2017 01:49:17.318252,   88.4467,   20.1177,   -3.81947,   -0.000725962,   1.7,   0.770797,   500,   
08/05/2017 01:49:18.317346,   88.4467,   20.1113,   -3.81947,   -0.00585246,   1.7,   0.768536,   500,   
08/05/2017 01:49:19.317122,   88.4467,   20.1043,   -3.47219,   -0.00220429,   1.7,   0.779403,   500,   
08/05/2017 01:49:20.316256,   88.4467,   20.0972,   -3.6458,   0.000100284,   1.7,   0.785168,   500,   
08/05/2017 01:49:21.315546,   88.4467,   20.0913,   -3.6458,   -0.00239158,   1.7,   0.790638,   500,   
08/05/2017 01:49:22.314937,   88.4467,   20.0818,   -3.6458,   -0.00122398,   1.7,   0.785455,   500,   
08/05/2017 01:49:23.314273,   88.4467,   20.0771,   -3.6458,   -0.00071657,   1.7,   0.785823,   500,   
08/05/2017 01:49:24.313772,   88.4467,   20.0691,   -3.6458,   0.000578716,   1.7,   0.789794,   500,   
08/05/2017 01:49:25.313732,   88.4467,   20.0636,   -3.6458,   -0.00167147,   1.7,   0.785829,   500,   
08/05/2017 01:49:26.312954,   88.4467,   20.0565,   -3.6458,   -0.00743335,   1.7,   0.790818,   500,   
08/05/2017 01:49:27.312136,   88.4467,   20.0508,   -3.6458,   -0.00206504,   1.7,   0.782254,   550,   
08/05/2017 01:49:28.312128,   88.4467,   20.0419,   -3.6458,   -0.00426368,   1.7,   0.783279,   550,   
08/05/2017 01:49:29.311773,   88.4467,   20.0371,   -3.6458,   -0.00214639,   1.7,   0.796937,   550,   
08/05/2017 01:49:30.310914,   88.4467,   20.0315,   -3.6458,   -0.00917717,   1.7,   0.802856,   550,   
08/05/2017 01:49:31.310716,   88.4467,   20.0269,   -3.6458,   -0.00703277,   1.7,   0.826135,   550,   
08/05/2017 01:49:32.310326,   88.4467,   20.0202,   -3.6458,   -0.00250022,   1.7,   0.857057,   550,   
08/05/2017 01:49:33.310275,   88.4467,   20.0148,   -3.81947,   -0.000451935,   1.7,   0.896896,   550,   
08/05/2017 01:49:34.310104,   88.4467,   20.0111,   -3.6458,   0.00033649,   1.7,   0.944286,   550,   
08/05/2017 01:49:35.309800,   88.4467,   20.0045,   -3.6458,   0.0019003,   1.7,   0.989862,   550,   
08/05/2017 01:49:36.309076,   88.4467,   19.9976,   -3.47219,   -0.00172382,   1.7,   1.018,   550,   
08/05/2017 01:49:37.308694,   88.4467,   19.9942,   -3.6458,   -0.000280376,   1.7,   1.02507,   550,   
08/05/2017 01:49:38.308627,   88.4467,   19.988,   -3.6458,   -0.0020457,   1.7,   1.03312,   550,   
08/05/2017 01:49:39.308013,   88.4467,   19.9825,   -3.6458,   -0.00040635,   1.7,   1.01182,   550,   
08/05/2017 01:49:40.307086,   88.4467,   19.9769,   -3.6458,   -0.000993018,   1.7,   0.995303,   550,   
08/05/2017 01:49:41.306266,   88.4467,   19.9712,   -3.6458,   -0.00149105,   1.7,   0.970142,   550,   
08/05/2017 01:49:42.306261,   88.4467,   19.9661,   -3.6458,   -0.00416177,   1.7,   0.960022,   550,   
08/05/2017 01:49:43.305789,   88.4467,   19.9609,   -3.6458,   -0.00101649,   1.7,   0.966091,   550,   
08/05/2017 01:49:44.304887,   88.4467,   20.2319,   -3.6458,   0.787133,   1.7,   -2.31814,   550,   
08/05/2017 01:49:45.303976,   90.983,   20.2383,   -3.6458,   0.792056,   1.7,   -0.328179,   550,   
08/05/2017 01:49:46.303084,   90.983,   20.2321,   -3.47219,   0.819236,   1.7,   -0.199669,   550,   
08/05/2017 01:49:47.302247,   90.983,   20.2258,   -3.47219,   0.809262,   1.7,   -0.158365,   600,   
08/05/2017 01:49:48.301415,   90.983,   20.2213,   -3.6458,   -0.00304183,   1.7,   -0.143728,   600,   
08/05/2017 01:49:49.300574,   90.983,   20.2172,   -3.6458,   -0.00547394,   1.7,   -0.143895,   600,   
08/05/2017 01:49:50.300557,   90.983,   20.2115,   -3.6458,   -0.00443644,   1.7,   -0.158666,   600,   
08/05/2017 01:49:51.300429,   90.983,   20.206,   -3.47219,   -0.00336126,   1.7,   -0.200249,   600,   
08/05/2017 01:49:52.300389,   90.983,   20.2013,   -3.6458,   -0.00336126,   1.7,   -0.32656,   600,   
08/05/2017 01:49:53.299565,   90.983,   20.1971,   -3.6458,   -0.0047702,   1.7,   -1.9481,   600,   
08/05/2017 01:49:54.298614,   90.983,   20.194,   -3.6458,   0.000137693,   1.7,   1.10567,   600,   
08/05/2017 01:49:55.297633,   90.983,   20.1889,   -3.6458,   0.0018373,   1.7,   1.1353,   600,   
08/05/2017 01:49:56.297623,   90.983,   20.1825,   -3.47219,   -0.00249217,   1.7,   1.18066,   600,   
08/05/2017 01:49:57.296662,   90.983,   20.179,   -3.47219,   -0.00210766,   1.7,   1.18874,   600,   
08/05/2017 01:49:58.296508,   90.983,   20.174,   -3.6458,   -0.00538233,   1.7,   1.16557,   600,   
08/05/2017 01:49:59.296513,   90.983,   20.1697,   -3.6458,   0.000344216,   1.7,   1.16395,   600,   
08/05/2017 01:50:00.295601,   90.983,   20.1643,   -3.47219,   -0.00122652,   1.7,   1.17971,   600,   
08/05/2017 01:50:01.294700,   90.983,   20.1603,   -4.51389,   -0.00816704,   1.7,   1.18315,   600,   
08/05/2017 01:50:02.293864,   90.983,   20.155,   -3.6458,   0.00141522,   1.7,   1.18811,   600,   
08/05/2017 01:50:03.293052,   90.983,   20.1507,   -3.6458,   -0.00075124,   1.7,   1.18862,   600,   
08/05/2017 01:50:04.292716,   90.983,   20.1452,   -3.6458,   -0.00498771,   1.7,   1.19221,   600,   
08/05/2017 01:50:05.291882,   90.983,   20.1409,   -3.6458,   -0.00292307,   1.7,   1.18185,   600,   
08/05/2017 01:50:06.291038,   90.983,   20.1374,   -3.47219,   -0.00554253,   1.7,   1.19111,   600,   
08/05/2017 01:50:07.290139,   90.983,   20.1374,   -3.47219,   -0.00440214,   1.7,   1.17939,   650,   
08/05/2017 01:50:08.289321,   90.983,   20.1327,   -3.47219,   -0.000530022,   1.7,   1.16125,   650,   
08/05/2017 01:50:09.288452,   90.983,   20.1287,   -3.6458,   -0.00384089,   1.7,   1.16169,   650,   
08/05/2017 01:50:10.287592,   90.983,   20.1243,   -3.6458,   -0.00340167,   1.7,   1.17584,   650,   
08/05/2017 01:50:11.287578,   90.983,   20.1199,   -3.6458,   -0.00172321,   1.7,   1.20743,   650,   
08/05/2017 01:50:12.286677,   90.983,   20.1152,   -3.47219,   0.00216771,   1.7,   1.23348,   650,   
08/05/2017 01:50:13.285811,   90.983,   20.1114,   -3.6458,   -9.81266e-05,   1.7,   1.24525,   650,   
08/05/2017 01:50:14.285058,   90.983,   20.1076,   -3.47219,   -0.000856066,   1.7,   1.28332,   650,   
08/05/2017 01:50:15.284235,   90.983,   20.1027,   -3.6458,   -0.00618912,   1.7,   1.32549,   650,   
08/05/2017 01:50:16.283442,   90.983,   20.0972,   -3.47219,   -0.00248829,   1.7,   1.34946,   650,   
08/05/2017 01:50:17.282445,   90.983,   20.0972,   -3.47219,   -0.0028158,   1.7,   1.35441,   650,   
08/05/2017 01:50:18.281457,   90.983,   20.0877,   -3.47219,   0.000579102,   1.7,   1.35794,   650,   
08/05/2017 01:50:19.280638,   90.983,   20.0836,   -3.47219,   -0.00100181,   1.7,   1.35901,   650,   
08/05/2017 01:50:20.279807,   90.983,   20.0804,   -3.6458,   0.000474119,   1.7,   1.33831,   650,   
08/05/2017 01:50:21.278810,   90.983,   20.0762,   -3.6458,   -0.00214392,   1.7,   1.35258,   650,   
08/05/2017 01:50:22.277954,   90.983,   20.0762,   -3.6458,   0.000643779,   1.7,   1.3518,   650,   
08/05/2017 01:50:23.276988,   90.983,   20.0732,   -3.47219,   -0.000829538,   1.7,   1.35398,   650,   
08/05/2017 01:50:24.276177,   90.983,   20.0694,   -3.6458,   -0.009779,   1.7,   1.32861,   650,   
08/05/2017 01:50:25.275371,   90.983,   20.0637,   -3.6458,   -0.00155123,   1.7,   1.33691,   650,   
08/05/2017 01:50:26.274536,   90.983,   20.0601,   -3.6458,   -0.000212202,   1.7,   1.33817,   650,   
08/05/2017 01:50:27.273715,   90.983,   20.0561,   -3.47219,   -0.00514839,   1.7,   1.34348,   700,   
08/05/2017 01:50:28.272806,   90.983,   20.0527,   -3.47219,   -0.00262019,   1.7,   1.35562,   700,   
08/05/2017 01:50:29.271982,   90.983,   20.0491,   -3.47219,   -0.00589126,   1.7,   1.34716,   700,   
08/05/2017 01:50:30.271150,   90.983,   20.045,   -3.6458,   -0.000941734,   1.7,   1.3556,   700,   
08/05/2017 01:50:31.270281,   90.983,   20.0431,   -3.6458,   -0.00354851,   1.7,   1.38554,   700,   
08/05/2017 01:50:32.269349,   90.983,   20.0377,   -3.6458,   -0.00141779,   1.7,   1.40743,   700,   
08/05/2017 01:50:33.268461,   90.983,   20.0341,   -3.6458,   -0.00330249,   1.7,   1.45838,   700,   
08/05/2017 01:50:34.267544,   90.983,   20.0307,   -3.47219,   -0.00247848,   1.7,   1.44809,   700,   
08/05/2017 01:50:35.266791,   90.983,   20.026,   -3.47219,   -0.000904032,   1.7,   1.45512,   700,   
08/05/2017 01:50:36.265988,   90.983,   20.0231,   -3.47219,   0.000451582,   1.7,   1.47291,   700,   
08/05/2017 01:50:37.265651,   90.983,   20.0195,   -3.6458,   -0.000808235,   1.7,   1.489,   700,   
08/05/2017 01:50:38.264767,   90.983,   20.0156,   -3.47219,   -0.00447621,   1.7,   1.48634,   700,   
08/05/2017 01:50:39.263950,   90.983,   20.0112,   -3.47219,   -0.000444758,   1.7,   1.48066,   700,   
08/05/2017 01:50:40.263082,   90.983,   20.0088,   -3.47219,   -0.003361,   1.7,   1.5009,   700,   
08/05/2017 01:50:41.262183,   90.983,   20.004,   -3.6458,   -0.00126967,   1.7,   1.5106,   700,   
08/05/2017 01:50:42.261411,   90.983,   20.0007,   -3.6458,   -0.00301092,   1.7,   1.51531,   700,   
08/05/2017 01:50:43.260441,   90.983,   19.9971,   -3.47219,   -0.005477,   1.7,   1.54075,   700,   
08/05/2017 01:50:44.259478,   90.983,   19.9921,   -3.47219,   0.799449,   1.7,   1.52755,   700,   
08/05/2017 01:50:45.258639,   90.983,   19.9903,   -3.6458,   0.808384,   1.7,   1.50387,   700,   
08/05/2017 01:50:46.257801,   90.983,   19.9856,   -3.6458,   0.829909,   1.7,   1.49252,   700,   
08/05/2017 01:50:47.257760,   90.983,   19.9825,   -3.47219,   0.831437,   1.7,   1.47913,   750,   
08/05/2017 01:50:48.256930,   90.983,   19.9788,   -3.47219,   0.821218,   1.7,   1.48655,   750,   
08/05/2017 01:50:49.256110,   90.983,   19.9754,   -3.47219,   0.799126,   1.7,   1.49547,   750,   
08/05/2017 01:50:50.255355,   90.983,   19.971,   -3.47219,   0.795688,   1.7,   1.50109,   750,   
08/05/2017 01:50:51.254519,   90.983,   19.9682,   -3.6458,   0.847951,   1.7,   1.47768,   750,   
08/05/2017 01:50:52.253567,   90.983,   19.9642,   -3.6458,   0.812175,   1.7,   1.47925,   750,   
08/05/2017 01:50:53.252830,   90.983,   19.9605,   -3.47219,   0.805612,   1.7,   1.48748,   750,   
08/05/2017 01:50:54.252007,   90.983,   19.9554,   -3.47219,   0.803056,   1.7,   -1.37687,   750,   
08/05/2017 01:50:55.251271,   87.9704,   20.2279,   -3.6458,   0.786681,   1.7,   -0.311646,   750,   
08/05/2017 01:50:56.250442,   87.9704,   20.224,   -3.47219,   0.788233,   1.7,   -0.197264,   750,   
08/05/2017 01:50:57.249541,   87.9704,   20.2205,   -3.6458,   0.807994,   1.7,   -0.158772,   750,   
08/05/2017 01:50:58.248672,   87.9704,   20.2181,   -3.47219,   0.000453353,   1.7,   -0.1444,   750,   
08/05/2017 01:50:59.247886,   87.9704,   20.2139,   -3.47219,   -0.000812765,   1.7,   -0.144449,   750,   
08/05/2017 01:51:00.247058,   87.9704,   20.2116,   -3.47219,   -0.00411749,   1.7,   -0.159015,   750,   
08/05/2017 01:51:01.246159,   87.9704,   20.2055,   -3.47219,   -0.000762639,   1.7,   -0.198968,   750,   
08/05/2017 01:51:02.245343,   87.9704,   20.2014,   -3.6458,   -0.000907479,   1.7,   -0.315537,   750,   
08/05/2017 01:51:03.244518,   87.9704,   20.1995,   -3.6458,   -0.00926089,   1.7,   -1.43006,   750,   
08/05/2017 01:51:04.243726,   87.9704,   20.1945,   -3.47219,   -0.00322103,   1.7,   1.46523,   750,   
08/05/2017 01:51:05.242906,   87.9704,   20.1916,   -3.47219,   3.4834e-05,   1.7,   1.44787,   750,   
08/05/2017 01:51:06.242094,   87.9704,   20.1879,   -3.47219,   -9.33817e-05,   1.7,   1.46044,   750,   
08/05/2017 01:51:07.241126,   87.9704,   20.1832,   -3.47219,   -0.00121219,   1.7,   1.4756,   800,   
08/05/2017 01:51:08.240821,   87.9704,   20.1789,   -3.6458,   0.000671543,   1.7,   1.4897,   800,   
08/05/2017 01:51:09.240196,   87.9704,   20.1767,   -3.6458,   -0.000961147,   1.7,   1.50966,   800,   
08/05/2017 01:51:10.239302,   87.9704,   20.1725,   -3.47219,   -0.000594974,   1.7,   1.50482,   800,   
08/05/2017 01:51:11.238472,   87.9704,   20.1689,   -3.47219,   0.000525836,   1.7,   1.47695,   800,   
08/05/2017 01:51:12.237656,   87.9704,   20.1661,   -3.6458,   -0.000326735,   1.7,   1.49286,   800,   
08/05/2017 01:51:13.236798,   87.9704,   20.1638,   -3.6458,   -5.9719e-05,   1.7,   1.50069,   800,   
08/05/2017 01:51:14.236752,   87.9704,   20.1588,   -3.6458,   -0.00186093,   1.7,   1.4659,   800,   
08/05/2017 01:51:15.235790,   87.9704,   20.1561,   -3.47219,   -0.00206768,   1.7,   1.43984,   800,   
08/05/2017 01:51:16.234902,   87.9704,   20.1518,   -3.47219,   -0.00245626,   1.7,   1.4525,   800,   
08/05/2017 01:51:17.234208,   87.9704,   20.1487,   -3.6458,   -0.000458376,   1.7,   1.49286,   800,   
08/05/2017 01:51:18.233362,   87.9704,   20.1454,   -3.47219,   1.42616e-05,   1.7,   1.52245,   800,   
08/05/2017 01:51:19.232594,   87.9704,   20.1406,   -3.47219,   -0.00193574,   1.7,   1.56806,   800,   
08/05/2017 01:51:20.231726,   87.9704,   20.139,   -3.47219,   -0.00355768,   1.7,   1.57579,   800,   
08/05/2017 01:51:21.231192,   87.9704,   20.1341,   -3.47219,   0.000122201,   1.7,   1.59469,   800,   
08/05/2017 01:51:22.230198,   87.9704,   20.1301,   -3.47219,   -0.000250661,   1.7,   1.58669,   800,   
08/05/2017 01:51:23.229236,   87.9704,   20.1262,   -3.6458,   -0.000169536,   1.7,   1.58737,   800,   
08/05/2017 01:51:24.228406,   87.9704,   20.123,   -3.47219,   -0.000516065,   1.7,   1.54008,   800,   
08/05/2017 01:51:25.227623,   87.9704,   20.1183,   -3.47219,   -0.00118615,   1.7,   1.49749,   800,   
08/05/2017 01:51:26.226763,   87.9704,   20.1148,   -3.47219,   0.00239605,   1.7,   1.50152,   800,   
08/05/2017 01:51:27.225917,   87.9704,   20.1101,   -3.47219,   -0.00470563,   1.7,   1.50748,   850,   
08/05/2017 01:51:28.225108,   87.9704,   20.1071,   -3.47219,   -0.0069154,   1.7,   1.51184,   850,   
08/05/2017 01:51:29.224266,   87.9704,   20.1041,   -3.6458,   -0.000616641,   1.7,   1.522,   850,   
08/05/2017 01:51:30.223315,   87.9704,   20.1016,   -3.47219,   -0.00030011,   1.7,   1.50409,   850,   
08/05/2017 01:51:31.222402,   87.9704,   20.0975,   -3.47219,   -0.00149968,   1.7,   1.54961,   850,   
08/05/2017 01:51:32.221483,   87.9704,   20.0954,   -3.47219,   -0.0040159,   1.7,   1.57533,   850,   
08/05/2017 01:51:33.220599,   87.9704,   20.0919,   -3.47219,   -0.00889075,   1.7,   1.60392,   850,   
08/05/2017 01:51:34.219658,   87.9704,   20.0878,   -3.6458,   -0.000840114,   1.7,   1.63084,   850,   
08/05/2017 01:51:35.218763,   87.9704,   20.0848,   -3.47219,   -0.0042735,   1.7,   1.62303,   850,   
08/05/2017 01:51:36.217834,   87.9704,   20.0813,   -3.47219,   -0.00163048,   1.7,   1.59737,   850,   
08/05/2017 01:51:37.217455,   87.9704,   20.0767,   -3.6458,   -0.00686275,   1.7,   1.56528,   850,   
08/05/2017 01:51:38.216603,   87.9704,   20.0744,   -3.47219,   -0.00262702,   1.7,   1.58706,   850,   
08/05/2017 01:51:39.216446,   87.9704,   20.0728,   -3.6458,   -0.000805489,   1.7,   1.5949,   850,   
08/05/2017 01:51:40.215480,   87.9704,   20.0686,   -3.47219,   -0.00180404,   1.7,   1.58457,   850,   
08/05/2017 01:51:41.215468,   87.9704,   20.0649,   -3.47219,   -0.000424887,   1.7,   1.57771,   850,   
08/05/2017 01:51:42.214525,   87.9704,   20.0613,   -3.6458,   -0.00291673,   1.7,   1.568,   850,   
08/05/2017 01:51:43.213570,   87.9704,   20.0584,   -3.6458,   -0.00454689,   1.7,   1.56862,   850,   
08/05/2017 01:51:44.212639,   87.9704,   20.0544,   -3.81947,   -0.00601765,   1.7,   1.58541,   850,   
08/05/2017 01:51:45.211798,   87.9704,   20.0517,   -3.6458,   -0.00119174,   1.7,   1.59639,   850,   
08/05/2017 01:51:46.210885,   87.9704,   20.0474,   -3.6458,   -0.00241488,   1.7,   1.57678,   850,   
08/05/2017 01:51:47.209971,   87.9704,   20.0441,   -3.6458,   -0.0125152,   1.7,   1.52775,   900,   
08/05/2017 01:51:48.209062,   87.9704,   20.0409,   -3.6458,   0.000848275,   1.7,   1.55895,   900,   
08/05/2017 01:51:49.208177,   87.9704,   20.0375,   -3.6458,   0.000385618,   1.7,   1.59734,   900,   
08/05/2017 01:51:50.207257,   87.9704,   20.0347,   -3.6458,   -0.000337327,   1.7,   1.62061,   900,   
08/05/2017 01:51:51.206329,   87.9704,   20.0315,   -3.6458,   -0.00123763,   1.7,   1.66845,   900,   
08/05/2017 01:51:52.205421,   87.9704,   20.0295,   -3.6458,   -0.00232887,   1.7,   1.67794,   900,   
08/05/2017 01:51:53.204796,   87.9704,   20.0259,   -3.6458,   -0.00364688,   1.7,   1.6816,   900,   
08/05/2017 01:51:54.203869,   87.9704,   20.0218,   -3.6458,   6.62225e-05,   1.7,   1.67005,   900,   
08/05/2017 01:51:55.202943,   87.9704,   20.0168,   -3.6458,   -0.000725327,   1.7,   1.65484,   900,   
08/05/2017 01:51:56.202021,   87.9704,   20.014,   -3.6458,   -0.00103172,   1.7,   1.64546,   900,   
08/05/2017 01:51:57.201178,   87.9704,   20.011,   -3.47219,   -0.00145654,   1.7,   1.61597,   900,   
08/05/2017 01:51:58.200275,   87.9704,   20.0078,   -3.47219,   -0.00188164,   1.7,   1.62404,   900,   
08/05/2017 01:51:59.199355,   87.9704,   20.0058,   -3.6458,   -0.00287929,   1.7,   1.60487,   900,   
08/05/2017 01:52:00.198448,   87.9704,   20.0036,   -3.6458,   -0.00457925,   1.7,   1.61287,   900,   
08/05/2017 01:52:01.197541,   87.9704,   20,   -3.47219,   -0.00142744,   1.7,   1.64547,   900,   
08/05/2017 01:52:02.196630,   87.9704,   19.9945,   -3.6458,   -0.0043057,   1.7,   1.6446,   900,   
08/05/2017 01:52:03.195719,   87.9704,   19.9938,   -3.6458,   -0.000807292,   1.7,   1.62737,   900,   
08/05/2017 01:52:04.194801,   87.9704,   19.9896,   -3.6458,   0.475489,   1.7,   -1.18396,   900,   
08/05/2017 01:52:05.193913,   86.9015,   20.2719,   -3.6458,   0.815858,   1.7,   -0.291137,   900,   
08/05/2017 01:52:06.192967,   86.9015,   20.2697,   -3.6458,   0.789965,   1.7,   -0.18593,   900,   
08/05/2017 01:52:07.192067,   86.9015,   20.2666,   -3.6458,   0.773543,   1.7,   -0.149953,   950,   
08/05/2017 01:52:08.191905,   86.9015,   20.2617,   -3.47219,   -0.00111033,   1.7,   -0.136776,   950,   
08/05/2017 01:52:09.191013,   86.9015,   20.2592,   -3.6458,   -0.00179699,   1.7,   -0.137232,   950,   
08/05/2017 01:52:10.190156,   86.9015,   20.2562,   -3.6458,   -0.0031661,   1.7,   -0.150577,   950,   
08/05/2017 01:52:11.189331,   86.9015,   20.2526,   -3.47219,   -0.000618154,   1.7,   -0.187131,   950,   
08/05/2017 01:52:12.188422,   86.9015,   20.2509,   -3.47219,   -0.00147287,   1.7,   -0.293233,   950,   
08/05/2017 01:52:13.187602,   86.9015,   20.2458,   -3.6458,   -0.0019198,   1.7,   -1.18931,   950,   
08/05/2017 01:52:14.186697,   86.9015,   20.2431,   -3.6458,   -0.00520973,   1.7,   1.73622,   950,   
08/05/2017 01:52:15.196766,   86.9015,   20.2408,   -3.6458,   -0.00397661,   1.7,   1.73112,   950,   
08/05/2017 01:52:16.195777,   86.9015,   20.2376,   -3.6458,   -0.00136618,   1.7,   1.70111,   950,   
08/05/2017 01:52:17.194955,   86.9015,   20.2345,   -3.6458,   -0.00423502,   1.7,   1.69681,   950,   
08/05/2017 01:52:18.194075,   86.9015,   20.2313,   -3.47219,   0.000641655,   1.7,   1.67279,   950,   
08/05/2017 01:52:19.193161,   86.9015,   20.2284,   -3.47219,   0.00032165,   1.7,   1.65509,   950,   
08/05/2017 01:52:20.192224,   86.9015,   20.2247,   -3.47219,   -0.00754444,   1.7,   1.69515,   950,   
08/05/2017 01:52:21.191426,   86.9015,   20.2216,   -3.6458,   -0.00456234,   1.7,   1.7075,   950,   
08/05/2017 01:52:22.190486,   86.9015,   20.218,   -3.6458,   -0.000801464,   1.7,   1.73364,   950,   
08/05/2017 01:52:23.189492,   86.9015,   20.2146,   -3.6458,   -0.00209433,   1.7,   1.74939,   950,   
08/05/2017 01:52:24.188572,   86.9015,   20.2108,   -3.47219,   -0.00272936,   1.7,   1.79367,   950,   
08/05/2017 01:52:25.187608,   86.9015,   20.2078,   -3.6458,   -0.00279301,   1.7,   1.80776,   950,   
08/05/2017 01:52:26.186729,   86.9015,   20.2052,   -3.6458,   0.0017496,   1.7,   1.78736,   950,   
08/05/2017 01:52:27.185896,   86.9015,   20.202,   -3.6458,   9.16879e-05,   1.7,   1.81549,   1000,   
08/05/2017 01:52:28.184998,   86.9015,   20.2,   -3.47219,   -0.00317917,   1.7,   1.79262,   1000,   
08/05/2017 01:52:29.184149,   86.9015,   20.1967,   -3.47219,   -4.74213e-05,   1.7,   1.74579,   1000,   
08/05/2017 01:52:30.183208,   86.9015,   20.1942,   -3.47219,   0.000152309,   1.7,   1.71396,   1000,   
08/05/2017 01:52:31.182392,   86.9015,   20.191,   -3.47219,   -0.00157682,   1.7,   1.71083,   1000,   
08/05/2017 01:52:32.181668,   86.9015,   20.1871,   -3.6458,   -0.00111999,   1.7,   1.69057,   1000,   
08/05/2017 01:52:33.180864,   86.9015,   20.185,   -3.47219,   0.000294702,   1.7,   1.6746,   1000,   
08/05/2017 01:52:34.180411,   86.9015,   20.1815,   -3.47219,   0.00214417,   1.7,   1.68521,   1000,   
08/05/2017 01:52:35.179612,   86.9015,   20.1782,   -3.47219,   -0.00110293,   1.7,   1.68382,   1000,   
08/05/2017 01:52:36.178653,   86.9015,   20.1736,   -3.6458,   -0.0116774,   1.7,   1.68877,   1000,   
08/05/2017 01:52:37.177846,   86.9015,   20.1702,   -3.6458,   -0.00425789,   1.7,   1.71323,   1000,   
08/05/2017 01:52:38.177740,   86.9015,   20.1674,   -3.47219,   -0.0011243,   1.7,   1.73605,   1000,   
08/05/2017 01:52:39.176905,   86.9015,   20.1651,   -3.47219,   0.000587151,   1.7,   1.73397,   1000,   
08/05/2017 01:52:40.176158,   86.9015,   20.1625,   -3.47219,   -0.0024136,   1.7,   1.68307,   1000,   
08/05/2017 01:52:41.175311,   86.9015,   20.1593,   -3.47219,   -0.00718267,   1.7,   1.72302,   1000,   
08/05/2017 01:52:42.174500,   86.9015,   20.1566,   -3.6458,   -0.00718267,   1.7,   1.74044,   1000,   
08/05/2017 01:52:43.173674,   86.9015,   20.1531,   -3.47219,   0.000170595,   1.7,   1.76062,   1000,   
08/05/2017 01:52:44.172971,   86.9015,   20.1513,   -3.47219,   -0.0011169,   1.7,   1.77124,   1000,   
08/05/2017 01:52:45.172227,   86.9015,   20.1465,   -3.47219,   -0.000780926,   1.7,   1.75741,   1000,   
08/05/2017 01:52:46.171425,   86.9015,   20.145,   -3.47219,   -0.000481909,   1.7,   1.77149,   1000,   
08/05/2017 01:52:47.170586,   86.9015,   20.1405,   -3.47219,   -0.00179378,   1.7,   1.76671,   1050,   
08/05/2017 01:52:48.169779,   86.9015,   20.1377,   -3.6458,   -0.00242355,   1.7,   1.78454,   1050,   
08/05/2017 01:52:49.168861,   86.9015,   20.1335,   -3.47219,   -0.000524276,   1.7,   1.78433,   1050,   
08/05/2017 01:52:50.168057,   86.9015,   20.1296,   -3.6458,   0.00243749,   1.7,   1.76147,   1050,   
08/05/2017 01:52:51.167108,   86.9015,   20.127,   -3.47219,   -0.000981525,   1.7,   1.76283,   1050,   
08/05/2017 01:52:52.166276,   86.9015,   20.1228,   -3.6458,   4.18608e-05,   1.7,   1.76376,   1050,   
08/05/2017 01:52:53.165299,   86.9015,   20.1207,   -3.6458,   0.00168049,   1.7,   1.77534,   1050,   
08/05/2017 01:52:54.164301,   86.9015,   20.1176,   -3.6458,   -0.00883858,   1.7,   1.75738,   1050,   
08/05/2017 01:52:55.163344,   86.9015,   20.1139,   -3.47219,   -0.00883858,   1.7,   1.75416,   1050,   
08/05/2017 01:52:56.162576,   86.9015,   20.1116,   -3.6458,   -0.00116265,   1.7,   1.78819,   1050,   
08/05/2017 01:52:57.161695,   86.9015,   20.1085,   -3.6458,   -0.00192205,   1.7,   1.81646,   1050,   
08/05/2017 01:52:58.161341,   86.9015,   20.1051,   -3.6458,   -0.00323686,   1.7,   1.84271,   1050,   
08/05/2017 01:52:59.160569,   86.9015,   20.1032,   -3.47219,   0.000426407,   1.7,   1.82485,   1050,   
08/05/2017 01:53:00.159771,   86.9015,   20.0993,   -3.47219,   -0.0028161,   1.7,   1.84256,   1050,   
08/05/2017 01:53:01.159123,   86.9015,   20.0974,   -3.6458,   -0.001521,   1.7,   1.8388,   1050,   
08/05/2017 01:53:02.158453,   86.9015,   20.0944,   -3.47219,   -0.00363481,   1.7,   1.83464,   1050,   
08/05/2017 01:53:03.157530,   86.9015,   20.0905,   -3.6458,   -0.00282198,   1.7,   1.80957,   1050,   
08/05/2017 01:53:04.156721,   86.9015,   20.0879,   -3.6458,   -0.00162017,   1.7,   1.77781,   1050,   
08/05/2017 01:53:05.156456,   86.9015,   20.0844,   -3.6458,   -0.00614404,   1.7,   1.75688,   1050,   
08/05/2017 01:53:06.155475,   86.9015,   20.0807,   -3.47219,   -0.001464,   1.7,   1.79435,   1050,   
08/05/2017 01:53:07.154959,   86.9015,   20.0784,   -3.47219,   -0.000333432,   1.7,   1.82285,   1100,   
08/05/2017 01:53:08.154287,   86.9015,   20.0746,   -3.6458,   -0.00130912,   1.7,   1.82374,   1100,   
08/05/2017 01:53:09.153614,   86.9015,   20.072,   -3.47219,   -0.00649293,   1.7,   1.79728,   1100,   
08/05/2017 01:53:10.152812,   86.9015,   20.0689,   -3.47219,   -0.00649293,   1.7,   1.8286,   1100,   
08/05/2017 01:53:11.151937,   86.9015,   20.0656,   -3.47219,   -0.00929052,   1.7,   1.85279,   1100,   
08/05/2017 01:53:12.151183,   86.9015,   20.0619,   -3.47219,   -0.00779077,   1.7,   1.85624,   1100,   
08/05/2017 01:53:13.150269,   86.9015,   20.0604,   -3.6458,   -0.00168412,   1.7,   1.84527,   1100,   
08/05/2017 01:53:14.149468,   86.9015,   20.0583,   -3.6458,   0.00244087,   1.7,   1.83791,   1100,   
08/05/2017 01:53:15.148642,   86.9015,   20.054,   -3.6458,   -0.00838858,   1.7,   1.78584,   1100,   
08/05/2017 01:53:16.147837,   86.9015,   20.0512,   -3.47219,   0.00045052,   1.7,   1.80016,   1100,   
08/05/2017 01:53:17.146981,   86.9015,   20.0465,   -3.47219,   0.00061693,   1.7,   1.77362,   1100,   
08/05/2017 01:53:18.146123,   86.9015,   20.0448,   -3.6458,   0.000374607,   1.7,   1.77001,   1100,   
08/05/2017 01:53:19.146044,   86.9015,   20.0406,   -3.6458,   -0.00253958,   1.7,   1.77186,   1100,   
08/05/2017 01:53:20.145696,   86.9015,   20.0397,   -3.47219,   -0.000686678,   1.7,   1.81425,   1100,   
08/05/2017 01:53:21.145322,   86.9015,   20.0364,   -3.6458,   -0.00242239,   1.7,   1.81405,   1100,   
08/05/2017 01:53:22.144548,   86.9015,   20.0344,   -3.47219,   0.000409592,   1.7,   1.83186,   1100,   
08/05/2017 01:53:23.143701,   86.9015,   20.0306,   -3.47219,   -0.0037501,   1.7,   1.86926,   1100,   
08/05/2017 01:53:24.142912,   86.9015,   20.0277,   -3.6458,   -0.00317946,   1.7,   1.86976,   1100,   
08/05/2017 01:53:25.142657,   86.9015,   20.0244,   -3.6458,   -0.00307822,   1.7,   1.83409,   1100,   
08/05/2017 01:53:26.142567,   86.9015,   20.0221,   -3.47219,   -0.00566167,   1.7,   1.83359,   1100,   
08/05/2017 01:53:27.141763,   86.9015,   20.0195,   -3.47219,   0.00145896,   1.7,   1.81831,   1150,   
08/05/2017 01:53:28.141714,   86.9015,   20.0143,   -3.47219,   -0.000624947,   1.7,   1.83318,   1150,   
08/05/2017 01:53:29.140876,   86.9015,   20.013,   -3.6458,   -0.0076251,   1.7,   1.84299,   1150,   
08/05/2017 01:53:30.140066,   86.9015,   20.0092,   -3.47219,   -0.0029334,   1.7,   1.89059,   1150,   
08/05/2017 01:53:31.139279,   86.9015,   20.0063,   -3.47219,   0.00235694,   1.7,   1.87223,   1150,   
08/05/2017 01:53:32.138329,   86.9015,   20.0027,   -3.47219,   0.00221316,   1.7,   1.87464,   1150,   
08/05/2017 01:53:33.137444,   86.9015,   20.0006,   -3.47219,   -0.00243308,   1.7,   1.89049,   1150,   
08/05/2017 01:53:34.137146,   86.9015,   19.9985,   -3.6458,   0.00395101,   1.7,   1.88391,   1150,   
08/05/2017 01:53:35.136231,   86.9015,   19.9958,   -3.6458,   0.768066,   1.7,   1.87159,   1150,   
08/05/2017 01:53:36.136211,   86.9015,   19.9925,   -3.47219,   0.785123,   1.7,   1.86454,   1150,   
08/05/2017 01:53:37.135387,   86.9015,   19.9892,   -3.47219,   0.790895,   1.7,   1.88523,   1150,   
08/05/2017 01:53:38.135045,   86.9015,   19.9875,   -3.6458,   0.775861,   1.7,   1.90399,   1150,   
08/05/2017 01:53:39.134121,   86.9015,   19.9843,   -3.6458,   0.779351,   1.7,   1.86068,   1150,   
08/05/2017 01:53:40.133537,   86.9015,   19.9798,   -3.47219,   0.76786,   1.7,   1.90073,   1150,   
08/05/2017 01:53:41.132767,   86.9015,   19.9788,   -3.47219,   0.763023,   1.7,   1.90099,   1150,   
08/05/2017 01:53:42.131947,   86.9015,   19.976,   -3.47219,   0.766492,   1.7,   1.88742,   1150,   
08/05/2017 01:53:43.131026,   86.9015,   19.9719,   -3.47219,   0.762272,   1.7,   1.87448,   1150,   
08/05/2017 01:53:44.130213,   86.9015,   19.9686,   -3.47219,   0.784712,   1.7,   -1.13765,   1150,   
08/05/2017 01:53:45.129333,   86.2573,   20.2456,   -3.6458,   0.783589,   1.7,   -0.293831,   1150,   
08/05/2017 01:53:46.128454,   85.555,   20.2424,   -3.6458,   0.772105,   1.7,   -0.188801,   1150,   
08/05/2017 01:53:47.127663,   85.555,   20.2406,   -3.47219,   0.761418,   1.7,   -0.152097,   1200,   
08/05/2017 01:53:48.127395,   85.555,   20.238,   -3.47219,   -0.000744192,   1.7,   -0.138634,   1200,   
08/05/2017 01:53:49.126484,   85.555,   20.234,   -3.6458,   -0.00145799,   1.7,   -0.139198,   1200,   
08/05/2017 01:53:50.125511,   85.555,   20.2314,   -3.47219,   -0.00547829,   1.7,   -0.153065,   1200,   
08/05/2017 01:53:51.124657,   85.555,   20.2273,   -3.6458,   -0.000953807,   1.7,   -0.19047,   1200,   
08/05/2017 01:53:52.124561,   85.555,   20.2257,   -3.47219,   -9.85338e-05,   1.7,   -0.298897,   1200,   
08/05/2017 01:53:53.124548,   85.555,   20.2225,   -3.47219,   -0.00314213,   1.7,   -1.18083,   1200,   
08/05/2017 01:53:54.123613,   85.555,   20.2198,   -3.47219,   -0.00569725,   1.7,   1.83305,   1200,   
08/05/2017 01:53:55.122816,   85.555,   20.2157,   -3.47219,   -0.00376748,   1.7,   1.81518,   1200,   
08/05/2017 01:53:56.121964,   85.555,   20.2141,   -3.6458,   -0.0120852,   1.7,   1.78322,   1200,   
08/05/2017 01:53:57.121219,   85.555,   20.2095,   -3.47219,   -0.00436189,   1.7,   1.78519,   1200,   
08/05/2017 01:53:58.120240,   85.555,   20.2065,   -3.47219,   -0.00506709,   1.7,   1.85965,   1200,   
08/05/2017 01:53:59.119430,   85.555,   20.204,   -3.47219,   -0.00578757,   1.7,   1.82876,   1200,   
08/05/2017 01:54:00.118507,   85.555,   20.1999,   -3.6458,   -0.00319981,   1.7,   1.77946,   1200,   
08/05/2017 01:54:01.117715,   85.555,   20.1985,   -3.47219,   -0.00137674,   1.7,   1.7468,   1200,   
08/05/2017 01:54:02.116928,   85.555,   20.1947,   -3.47219,   -0.00236835,   1.7,   1.73789,   1200,   
08/05/2017 01:54:03.116002,   85.555,   20.193,   -3.47219,   -0.00236835,   1.7,   1.7555,   1200,   
08/05/2017 01:54:04.115121,   85.555,   20.1885,   -3.47219,   -0.00143932,   1.7,   1.82148,   1200,   
08/05/2017 01:54:05.115026,   85.555,   20.1858,   -3.6458,   2.28895e-05,   1.7,   1.83264,   1200,   
08/05/2017 01:54:06.114286,   85.555,   20.1809,   -3.6458,   -0.000750113,   1.7,   1.8738,   1200,   
08/05/2017 01:54:07.113754,   85.555,   20.1807,   -3.6458,   -0.000750113,   1.7,   1.85675,   1250,   
08/05/2017 01:54:08.113164,   85.555,   20.1761,   -3.47219,   -0.00131781,   1.7,   1.91172,   1250,   
08/05/2017 01:54:09.112234,   85.555,   20.1742,   -3.6458,   0.000755909,   1.7,   1.89644,   1250,   
08/05/2017 01:54:10.111504,   85.555,   20.1722,   -3.47219,   0.000755909,   1.7,   1.86714,   1250,   
08/05/2017 01:54:11.110720,   85.555,   20.1686,   -3.47219,   0.000326514,   1.7,   1.84669,   1250,   
08/05/2017 01:54:12.109974,   85.555,   20.1657,   -3.47219,   -9.88292e-06,   1.7,   1.84551,   1250,   
08/05/2017 01:54:13.109973,   85.555,   20.1633,   -3.6458,   -0.000802624,   1.7,   1.81741,   1250,   
08/05/2017 01:54:14.109083,   85.555,   20.1605,   -3.47219,   -0.000902905,   1.7,   1.81676,   1250,   
08/05/2017 01:54:15.108344,   85.555,   20.1564,   -3.6458,   -0.00080652,   1.7,   1.8084,   1250,   
08/05/2017 01:54:16.107546,   85.555,   20.1544,   -3.6458,   -5.84964e-05,   1.7,   1.82909,   1250,   
08/05/2017 01:54:17.106767,   85.555,   20.1514,   -3.6458,   0.000836942,   1.7,   1.82164,   1250,   
08/05/2017 01:54:18.105806,   85.555,   20.148,   -3.47219,   -0.000920486,   1.7,   1.87178,   1250,   
08/05/2017 01:54:19.104998,   85.555,   20.145,   -3.47219,   -0.000833208,   1.7,   1.89831,   1250,   
08/05/2017 01:54:20.104016,   85.555,   20.142,   -3.47219,   -0.00263819,   1.7,   1.92486,   1250,   
08/05/2017 01:54:21.103070,   85.555,   20.1395,   -3.47219,   -0.00018608,   1.7,   1.92637,   1250,   
08/05/2017 01:54:22.102151,   85.555,   20.1366,   -3.47219,   -0.00479467,   1.7,   1.91921,   1250,   
08/05/2017 01:54:23.101318,   85.555,   20.1332,   -3.47219,   -0.0051814,   1.7,   1.90731,   1250,   
08/05/2017 01:54:24.100418,   85.555,   20.1289,   -3.47219,   -0.00301349,   1.7,   1.90968,   1250,   
08/05/2017 01:54:25.099604,   85.555,   20.1276,   -3.47219,   0.00255548,   1.7,   1.91973,   1250,   
08/05/2017 01:54:26.098775,   85.555,   20.1253,   -3.47219,   0.0021668,   1.7,   1.9024,   1250,   
08/05/2017 01:54:27.097958,   85.555,   20.1216,   -3.6458,   -0.00309721,   1.7,   1.81657,   1300,   
08/05/2017 01:54:28.097278,   85.555,   20.1191,   -3.6458,   -0.00223086,   1.7,   1.80487,   1300,   
08/05/2017 01:54:29.096453,   85.555,   20.1156,   -3.47219,   -0.00612568,   1.7,   1.79316,   1300,   
08/05/2017 01:54:30.095681,   85.555,   20.1127,   -3.6458,   -0.00183666,   1.7,   1.82016,   1300,   
08/05/2017 01:54:31.094957,   85.555,   20.1108,   -3.6458,   -0.0076499,   1.7,   1.83944,   1300,   
08/05/2017 01:54:32.093997,   85.555,   20.1073,   -3.47219,   0.000225293,   1.7,   1.79917,   1300,   
08/05/2017 01:54:33.093178,   85.555,   20.1049,   -3.47219,   -0.000448073,   1.7,   1.7838,   1300,   
08/05/2017 01:54:34.092378,   85.555,   20.1019,   -3.47219,   0.00129992,   1.7,   1.82853,   1300,   
08/05/2017 01:54:35.091529,   85.555,   20.0982,   -3.47219,   0.000767501,   1.7,   1.83057,   1300,   
08/05/2017 01:54:36.090555,   85.555,   20.0955,   -3.47219,   0.00176715,   1.7,   1.84859,   1300,   
08/05/2017 01:54:37.089754,   85.555,   20.0924,   -3.6458,   -0.00108239,   1.7,   1.8358,   1300,   
08/05/2017 01:54:38.088761,   85.555,   20.089,   -3.6458,   -0.00302081,   1.7,   1.82347,   1300,   
08/05/2017 01:54:39.087964,   85.555,   20.0866,   -3.47219,   -0.00348571,   1.7,   1.82875,   1300,   
08/05/2017 01:54:40.087138,   85.555,   20.0847,   -3.47219,   0.000883101,   1.7,   1.87817,   1300,   
08/05/2017 01:54:41.086304,   85.555,   20.0797,   -3.47219,   -1.39079e-05,   1.7,   1.92407,   1300,   
08/05/2017 01:54:42.085500,   85.555,   20.0786,   -3.6458,   -0.00203188,   1.7,   1.9497,   1300,   
08/05/2017 01:54:43.084622,   85.555,   20.0753,   -3.6458,   -0.00293044,   1.7,   1.95536,   1300,   
08/05/2017 01:54:44.084616,   85.555,   20.0722,   -3.47219,   -0.00251228,   1.7,   2.01099,   1300,   
08/05/2017 01:54:45.083686,   85.555,   20.0684,   -3.6458,   -0.00333276,   1.7,   1.97941,   1300,   
08/05/2017 01:54:46.082839,   85.555,   20.0659,   -3.47219,   8.08392e-05,   1.7,   1.9408,   1300,   
08/05/2017 01:54:47.081955,   85.555,   20.0633,   -3.6458,   0.000375509,   1.7,   1.90519,   1350,   
08/05/2017 01:54:48.081198,   85.555,   20.0603,   -3.47219,   -0.00141151,   1.7,   1.83586,   1350,   
08/05/2017 01:54:49.080793,   85.555,   20.0584,   -3.47219,   -0.00186991,   1.7,   1.78897,   1350,   
08/05/2017 01:54:50.079899,   85.555,   20.0552,   -3.47219,   -0.0143262,   1.7,   1.75843,   1350,   
08/05/2017 01:54:51.078912,   85.555,   20.0531,   -3.47219,   -0.00533371,   1.7,   1.75796,   1350,   
08/05/2017 01:54:52.078121,   85.555,   20.0504,   -3.47219,   -0.00110003,   1.7,   1.79692,   1350,   
08/05/2017 01:54:53.077292,   85.555,   20.0471,   -3.6458,   -0.00437027,   1.7,   1.83378,   1350,   
08/05/2017 01:54:54.076427,   85.555,   20.0428,   -3.6458,   -0.00177394,   1.7,   1.8706,   1350,   
08/05/2017 01:54:55.075614,   85.555,   20.0404,   -3.47219,   0.000559002,   1.7,   1.90211,   1350,   
08/05/2017 01:54:56.074813,   85.555,   20.0375,   -3.47219,   0.000422608,   1.7,   1.93354,   1350,   
08/05/2017 01:54:57.073884,   85.555,   20.036,   -3.47219,   -0.000209002,   1.7,   1.95936,   1350,   
08/05/2017 01:54:58.073061,   85.555,   20.0328,   -3.6458,   -0.00110402,   1.7,   1.96416,   1350,   
08/05/2017 01:54:59.072062,   85.555,   20.0303,   -3.6458,   -0.00272891,   1.7,   1.91076,   1350,   
08/05/2017 01:55:00.071254,   85.555,   20.0278,   -3.47219,   -0.00235672,   1.7,   1.8644,   1350,   
08/05/2017 01:55:01.070453,   85.555,   20.0231,   -3.47219,   -0.00668645,   1.7,   1.86063,   1350,   
08/05/2017 01:55:02.069631,   85.555,   20.0203,   -3.47219,   0.000338229,   1.7,   1.87546,   1350,   
08/05/2017 01:55:03.069224,   85.555,   20.0173,   -3.6458,   -0.00146754,   1.7,   1.90437,   1350,   
08/05/2017 01:55:04.068425,   85.555,   20.0141,   -3.6458,   -0.00155876,   1.7,   1.85547,   1350,   
08/05/2017 01:55:05.067613,   85.555,   20.0098,   -4.86111,   -0.00143578,   1.7,   1.86375,   1350,   
08/05/2017 01:55:06.066725,   85.555,   20.0085,   -3.47219,   -0.000685229,   1.7,   1.87898,   1350,   
08/05/2017 01:55:07.065791,   85.555,   20.0054,   -3.47219,   -0.00170727,   1.7,   1.87631,   1400,   
08/05/2017 01:55:08.064996,   85.555,   20.0022,   -3.47219,   -0.000681254,   1.7,   1.85025,   1400,   
08/05/2017 01:55:09.064176,   85.555,   19.9995,   -3.6458,   -0.00029438,   1.7,   1.81278,   1400,   
08/05/2017 01:55:10.063311,   85.555,   19.9959,   -3.47219,   8.08041e-06,   1.7,   1.80917,   1400,   
08/05/2017 01:55:11.062392,   85.555,   19.9939,   -3.47219,   -0.000711838,   1.7,   1.84221,   1400,   
08/05/2017 01:55:12.061640,   85.555,   19.9907,   -3.47219,   -0.000843478,   1.7,   1.86408,   1400,   
08/05/2017 01:55:13.061067,   85.555,   19.9882,   -3.47219,   -0.000864586,   1.7,   1.8429,   1400,   
08/05/2017 01:55:14.060316,   85.555,   20.045,   -3.6458,   -0.0039589,   1.7,   -1.26206,   1400,   
08/05/2017 01:55:15.059761,   84.1856,   20.2494,   -3.47219,   0.777483,   1.7,   -0.313296,   1400,   
08/05/2017 01:55:16.058974,   82.6482,   20.2452,   -3.47219,   0.775137,   1.7,   -0.199974,   1400,   
08/05/2017 01:55:17.058432,   82.6482,   20.2423,   -3.47219,   0.767831,   1.7,   -0.161346,   1400,   
08/05/2017 01:55:18.057656,   82.6482,   20.2391,   -3.47219,   -0.00133591,   1.7,   -0.147354,   1400,   
08/05/2017 01:55:19.056868,   82.6482,   20.237,   -3.6458,   -0.00107685,   1.7,   -0.147699,   1400,   
08/05/2017 01:55:20.056102,   82.6482,   20.2326,   -3.6458,   -0.000375412,   1.7,   -0.162603,   1400,   
08/05/2017 01:55:21.055283,   82.6482,   20.2314,   -3.47219,   -0.00609026,   1.7,   -0.201872,   1400,   
08/05/2017 01:55:22.054420,   82.6482,   20.2275,   -3.47219,   -0.00133369,   1.7,   -0.316767,   1400,   
08/05/2017 01:55:23.053472,   82.6482,   20.2238,   -3.47219,   -0.00133369,   1.7,   -1.31465,   1400,   
08/05/2017 01:55:24.053216,   82.6482,   20.22,   -3.47219,   0.000814181,   1.7,   1.75905,   1400,   
08/05/2017 01:55:25.052608,   82.6482,   20.2187,   -3.6458,   -0.00287649,   1.7,   1.78783,   1400,   
08/05/2017 01:55:26.051633,   82.6482,   20.2159,   -3.6458,   -0.00179937,   1.7,   1.80658,   1400,   
08/05/2017 01:55:27.051540,   82.6482,   20.2117,   -3.47219,   -0.00226351,   1.7,   1.78186,   1450,   
08/05/2017 01:55:28.050758,   82.6482,   20.2088,   -3.47219,   -0.00118476,   1.7,   1.80928,   1450,   
08/05/2017 01:55:29.049811,   82.6482,   20.2054,   -3.6458,   -0.00296631,   1.7,   1.7848,   1450,   
08/05/2017 01:55:30.049017,   82.6482,   20.2034,   -3.6458,   -0.0058692,   1.7,   1.74199,   1450,   
08/05/2017 01:55:31.048200,   82.6482,   20.2,   -3.47219,   0.000336843,   1.7,   1.76192,   1450,   
08/05/2017 01:55:32.047451,   82.6482,   20.1976,   -3.47219,   -0.00537814,   1.7,   1.76937,   1450,   
08/05/2017 01:55:33.046481,   82.6482,   20.1948,   -3.47219,   -0.000911021,   1.7,   1.78652,   1450,   
08/05/2017 01:55:34.045709,   82.6482,   20.19,   -3.6458,   -0.0017554,   1.7,   1.76649,   1450,   
08/05/2017 01:55:35.044905,   82.6482,   20.1886,   -3.47219,   -0.000133604,   1.7,   1.80079,   1450,   
08/05/2017 01:55:36.044096,   82.6482,   20.1852,   -3.6458,   -0.00250519,   1.7,   1.83469,   1450,   
08/05/2017 01:55:37.043172,   82.6482,   20.1813,   -3.47219,   -0.00357239,   1.7,   1.81805,   1450,   
08/05/2017 01:55:38.042371,   82.6482,   20.1775,   -3.47219,   -0.00123718,   1.7,   1.85533,   1450,   
08/05/2017 01:55:39.041582,   82.6482,   20.1758,   -3.6458,   -0.00273447,   1.7,   1.82199,   1450,   
08/05/2017 01:55:40.040839,   82.6482,   20.1722,   -3.6458,   -0.00247896,   1.7,   1.77308,   1450,   
08/05/2017 01:55:41.040022,   82.6482,   20.1695,   -3.81947,   -0.000702179,   1.7,   1.74937,   1450,   
08/05/2017 01:55:42.039241,   82.6482,   20.1675,   -3.47219,   0.000502329,   1.7,   1.75529,   1450,   
08/05/2017 01:55:43.038399,   82.6482,   20.1643,   -3.47219,   -0.000754299,   1.7,   1.79445,   1450,   
08/05/2017 01:55:44.037706,   82.6482,   20.1611,   -3.47219,   -0.001407,   1.7,   1.78578,   1450,   
08/05/2017 01:55:45.036734,   82.6482,   20.1577,   -3.6458,   -0.00439876,   1.7,   1.78426,   1450,   
08/05/2017 01:55:46.036745,   82.6482,   20.1538,   -3.6458,   0.00126715,   1.7,   1.82403,   1450,   
08/05/2017 01:55:47.035752,   82.6482,   20.1512,   -3.6458,   -0.00364527,   1.7,   1.84339,   1500,   
08/05/2017 01:55:48.034839,   82.6482,   20.1466,   -3.6458,   -0.00346221,   1.7,   1.85133,   1500,   
08/05/2017 01:55:49.034756,   82.6482,   20.1462,   -3.6458,   0.000699236,   1.7,   1.81827,   1500,   
08/05/2017 01:55:50.033789,   82.6482,   20.1437,   -3.47219,   -0.00289258,   1.7,   1.8194,   1500,   
08/05/2017 01:55:51.032905,   82.6482,   20.1384,   -3.6458,   0.00052648,   1.7,   1.80604,   1500,   
08/05/2017 01:55:52.032090,   82.6482,   20.1362,   -3.47219,   -0.000714209,   1.7,   1.78298,   1500,   
08/05/2017 01:55:53.031170,   82.6482,   20.1332,   -3.47219,   -9.17717e-06,   1.7,   1.78349,   1500,   
08/05/2017 01:55:54.030269,   82.6482,   20.1313,   -3.47219,   -0.00849371,   1.7,   1.78382,   1500,   
08/05/2017 01:55:55.029459,   82.6482,   20.1266,   -3.47219,   -0.00112083,   1.7,   1.74981,   1500,   
08/05/2017 01:55:56.029256,   82.6482,   20.1245,   -3.6458,   -0.00258217,   1.7,   1.7177,   1500,   
08/05/2017 01:55:57.028382,   82.6482,   20.1218,   -3.47219,   -0.000930758,   1.7,   1.73433,   1500,   
08/05/2017 01:55:58.027464,   82.6482,   20.1173,   -3.6458,   -0.000377601,   1.7,   1.74045,   1500,   
08/05/2017 01:55:59.026495,   82.6482,   20.1145,   -3.47219,   -0.000377601,   1.7,   1.72101,   1500,   
08/05/2017 01:56:00.026336,   82.6482,   20.1125,   -3.47219,   -4.95792e-06,   1.7,   1.73394,   1500,   
08/05/2017 01:56:01.025381,   82.6482,   20.1098,   -3.47219,   -0.000955319,   1.7,   1.7474,   1500,   
08/05/2017 01:56:02.024439,   82.6482,   20.1064,   -3.47219,   -0.00115906,   1.7,   1.73254,   1500,   
08/05/2017 01:56:03.023605,   82.6482,   20.1038,   -3.47219,   -0.00168042,   1.7,   1.746,   1500,   
08/05/2017 01:56:04.022679,   82.6482,   20.0994,   -3.47219,   0.00191449,   1.7,   1.77591,   1500,   
08/05/2017 01:56:05.021876,   82.6482,   20.096,   -3.47219,   -0.00372931,   1.7,   1.7951,   1500,   
08/05/2017 01:56:06.021060,   82.6482,   20.0928,   -3.6458,   0.000337616,   1.7,   1.76121,   1500,   
08/05/2017 01:56:07.020171,   82.6482,   20.0893,   -3.6458,   -0.00104556,   1.7,   1.74969,   1550,   
08/05/2017 01:56:08.019281,   82.6482,   20.0851,   -3.6458,   -0.00245014,   1.7,   1.75486,   1550,   
08/05/2017 01:56:09.018451,   82.6482,   20.0825,   -3.47219,   -0.00572044,   1.7,   1.7402,   1550,   
08/05/2017 01:56:10.017682,   82.6482,   20.08,   -3.47219,   -0.000461112,   1.7,   1.72885,   1550,   
08/05/2017 01:56:11.016700,   82.6482,   20.0763,   -3.47219,   -0.000869255,   1.7,   1.71502,   1550,   
08/05/2017 01:56:12.015766,   82.6482,   20.0734,   -3.6458,   -0.0013127,   1.7,   1.70007,   1550,   
08/05/2017 01:56:13.015653,   82.6482,   20.07,   -3.47219,   0.000681768,   1.7,   1.68826,   1550,   
08/05/2017 01:56:14.014903,   82.6482,   20.07,   -3.47219,   0.00190195,   1.7,   1.67853,   1550,   
08/05/2017 01:56:15.014189,   82.6482,   20.0672,   -3.47219,   -0.00247883,   1.7,   1.6951,   1550,   
08/05/2017 01:56:16.013226,   82.6482,   20.0601,   -3.6458,   -0.00125688,   1.7,   1.70385,   1550,   
08/05/2017 01:56:17.013202,   82.6482,   20.0564,   -3.6458,   -0.00136048,   1.7,   1.71827,   1550,   
08/05/2017 01:56:18.012385,   82.6482,   20.0529,   -3.6458,   0.00133031,   1.7,   1.7289,   1550,   
08/05/2017 01:56:19.011531,   82.6482,   20.0509,   -3.47219,   -0.00198333,   1.7,   1.73126,   1550,   
08/05/2017 01:56:20.010686,   82.6482,   20.0479,   -3.47219,   -0.00283671,   1.7,   1.72878,   1550,   
08/05/2017 01:56:21.009887,   82.6482,   20.0454,   -3.47219,   -0.00192889,   1.7,   1.71789,   1550,   
08/05/2017 01:56:22.009086,   82.6482,   20.0409,   -3.6458,   -0.00172144,   1.7,   1.70276,   1550,   
08/05/2017 01:56:23.008222,   82.6482,   20.0376,   -3.47219,   -0.00307709,   1.7,   1.69108,   1550,   
08/05/2017 01:56:24.007390,   82.6482,   20.0341,   -3.47219,   -0.00910488,   1.7,   1.65388,   1550,   
08/05/2017 01:56:25.006502,   82.6482,   20.0323,   -3.47219,   -0.00099677,   1.7,   1.67911,   1550,   
08/05/2017 01:56:26.005616,   82.6482,   20.0284,   -3.47219,   -0.00257766,   1.7,   1.6945,   1550,   
08/05/2017 01:56:27.004908,   82.6482,   20.0246,   -3.47219,   -0.00374509,   1.7,   1.7365,   1600,   
08/05/2017 01:56:28.004100,   82.6482,   20.023,   -3.6458,   -0.00126267,   1.7,   1.7465,   1600,   
08/05/2017 01:56:29.003332,   82.6482,   20.023,   -3.6458,   -0.00218835,   1.7,   1.7903,   1600,   
08/05/2017 01:56:30.002482,   82.6482,   20.0209,   -3.47219,   0.000832224,   1.7,   1.80799,   1600,   
08/05/2017 01:56:31.001732,   82.6482,   20.0164,   -3.47219,   -0.00115708,   1.7,   1.81281,   1600,   
08/05/2017 01:56:32.001724,   82.6482,   20.014,   -3.47219,   -0.000748892,   1.7,   1.79464,   1600,   
08/05/2017 01:56:33.000752,   82.6482,   20.0101,   -3.6458,   -0.000513362,   1.7,   1.78933,   1600,   
08/05/2017 01:56:33.999799,   82.6482,   20.0076,   -3.47219,   -0.00221265,   1.7,   1.7179,   1600,   
08/05/2017 01:56:34.999036,   82.6482,   20.0049,   -3.47219,   -0.00105908,   1.7,   1.71442,   1600,   
08/05/2017 01:56:35.998227,   82.6482,   20.0013,   -3.47219,   -0.00310269,   1.7,   1.68943,   1600,   
08/05/2017 01:56:36.997426,   82.6482,   19.9982,   -3.6458,   -0.00396937,   1.7,   1.67345,   1600,   
08/05/2017 01:56:37.996604,   82.6482,   19.994,   -3.6458,   0.00165454,   1.7,   1.66174,   1600,   
08/05/2017 01:56:38.995611,   82.6482,   19.9929,   -3.47219,   -0.00781364,   1.7,   1.69112,   1600,   
08/05/2017 01:56:39.994812,   82.6482,   19.9899,   -3.47219,   -0.00212733,   1.7,   1.67182,   1600,   
08/05/2017 01:56:40.993845,   82.6482,   19.9838,   -3.47219,   -0.0062321,   1.7,   1.68646,   1600,   
08/05/2017 01:56:41.993018,   82.6482,   19.9801,   -3.6458,   -0.00482462,   1.7,   1.70749,   1600,   
08/05/2017 01:56:42.992218,   82.6482,   19.9757,   -3.29865,   0.000784407,   1.7,   1.70687,   1600,   
08/05/2017 01:56:43.992157,   82.6482,   19.9727,   -3.47219,   -8.40436e-05,   1.7,   1.69674,   1600,   
08/05/2017 01:56:44.991354,   82.6482,   19.9727,   -3.47219,   2.2922e-05,   1.7,   1.73847,   1600,   
08/05/2017 01:56:45.990417,   82.6482,   19.9697,   -3.47219,   -0.00205553,   1.7,   1.74401,   1600,   
08/05/2017 01:56:46.989593,   82.6482,   19.9667,   -3.47219,   -5.74984e-05,   1.7,   1.74124,   1650,   
08/05/2017 01:56:47.989019,   82.6482,   19.9626,   -3.6458,   -0.000819912,   1.7,   1.75861,   1650,   
08/05/2017 01:56:48.988254,   82.6482,   19.9608,   -3.6458,   0.00162064,   1.7,   1.78924,   1650,   
08/05/2017 01:56:49.987456,   82.6482,   19.9569,   -3.47219,   -0.00385731,   1.7,   1.75459,   1650,   
08/05/2017 01:56:50.986533,   82.6482,   19.9546,   -3.47219,   -0.000307226,   1.7,   1.7651,   1650,   
08/05/2017 01:56:51.986421,   82.6482,   19.9526,   -3.47219,   -0.000609848,   1.7,   1.79748,   1650,   
08/05/2017 01:56:52.985465,   82.6482,   19.9485,   -3.47219,   -0.00273123,   1.7,   1.74772,   1650,   
08/05/2017 01:56:53.984568,   82.6482,   19.945,   -3.6458,   -0.00294297,   1.7,   -1.43384,   1650,   
08/05/2017 01:56:54.983645,   82.6482,   20.096,   -3.47219,   0.774437,   1.7,   -0.336782,   1650,   
08/05/2017 01:56:55.983136,   81.8417,   20.1891,   -3.47219,   0.766999,   1.7,   -0.213999,   1650,   
08/05/2017 01:56:56.982200,   81.8417,   20.1855,   -3.47219,   0.76512,   1.7,   -0.172085,   1650,   
08/05/2017 01:56:57.981289,   81.8417,   20.1836,   -3.47219,   0.718774,   1.7,   -0.156859,   1650,   
08/05/2017 01:56:58.980524,   81.8417,   20.1794,   -3.47219,   -0.00161867,   1.7,   -0.157267,   1650,   
08/05/2017 01:56:59.980528,   81.8417,   20.1768,   -3.6458,   -0.000836202,   1.7,   -0.173105,   1650,   
08/05/2017 01:57:00.979544,   81.8417,   20.1739,   -3.6458,   -6.2939e-05,   1.7,   -0.215597,   1650,   
08/05/2017 01:57:01.978673,   81.8417,   20.1704,   -3.47219,   0.000628294,   1.7,   -0.340661,   1650,   
08/05/2017 01:57:02.977900,   81.8417,   20.1682,   -3.6458,   -0.00237265,   1.7,   -1.46857,   1650,   
08/05/2017 01:57:03.977116,   81.8417,   20.1654,   -3.6458,   -0.00237265,   1.7,   1.70042,   1650,   
08/05/2017 01:57:04.976557,   81.8417,   20.1626,   -3.6458,   -0.00327802,   1.7,   1.67651,   1650,   
08/05/2017 01:57:05.975733,   81.8417,   20.1576,   -3.6458,   -0.00142264,   1.7,   1.64638,   1650,   
08/05/2017 01:57:06.974810,   81.8417,   20.1548,   -3.47219,   -0.00142264,   1.7,   1.66909,   1700,   
08/05/2017 01:57:07.974027,   81.8417,   20.1515,   -3.6458,   -0.00183756,   1.7,   1.66743,   1700,   
08/05/2017 01:57:08.973081,   81.8417,   20.1494,   -3.6458,   -0.000401038,   1.7,   1.63866,   1700,   
08/05/2017 01:57:09.973061,   81.8417,   20.1464,   -3.6458,   -0.00350246,   1.7,   1.65787,   1700,   
08/05/2017 01:57:10.972075,   81.8417,   20.1437,   -3.6458,   -0.00294583,   1.7,   1.66146,   1700,   
08/05/2017 01:57:11.971960,   81.8417,   20.1395,   -3.47219,   0.000733439,   1.7,   1.6892,   1700,   
08/05/2017 01:57:12.971890,   81.8417,   20.1361,   -3.47219,   -0.00484072,   1.7,   1.72876,   1700,   
08/05/2017 01:57:13.970959,   81.8417,   20.1339,   -3.47219,   -0.00425322,   1.7,   1.7389,   1700,   
08/05/2017 01:57:14.970888,   81.8417,   20.1308,   -3.6458,   -0.00662753,   1.7,   1.72594,   1700,   
08/05/2017 01:57:15.969991,   81.8417,   20.1274,   -3.6458,   -0.000164768,   1.7,   1.70377,   1700,   
08/05/2017 01:57:16.969034,   81.8417,   20.1238,   -3.47219,   -0.00652432,   1.7,   1.71089,   1700,   
08/05/2017 01:57:17.968081,   81.8417,   20.1206,   -3.47219,   -0.00272595,   1.7,   1.73385,   1700,   
08/05/2017 01:57:18.967712,   81.8417,   20.118,   -3.6458,   -0.00085879,   1.7,   1.70317,   1700,   
08/05/2017 01:57:19.966776,   81.8417,   20.1142,   -3.6458,   -0.00125691,   1.7,   1.71933,   1700,   
08/05/2017 01:57:20.965954,   81.8417,   20.1106,   -3.47219,   -0.000565935,   1.7,   1.68546,   1700,   
08/05/2017 01:57:21.965037,   81.8417,   20.1085,   -3.47219,   -0.000225243,   1.7,   1.69944,   1700,   
08/05/2017 01:57:22.964110,   81.8417,   20.1041,   -3.47219,   -0.000994886,   1.7,   1.69851,   1700,   
08/05/2017 01:57:23.963289,   81.8417,   20.0997,   -3.47219,   -0.000994886,   1.7,   1.70763,   1700,   
08/05/2017 01:57:24.962355,   81.8417,   20.0969,   -3.6458,   0.000621984,   1.7,   1.70771,   1700,   
08/05/2017 01:57:25.961464,   81.8417,   20.0935,   -3.6458,   -0.000319105,   1.7,   1.69628,   1700,   
08/05/2017 01:57:26.960756,   81.8417,   20.0928,   -3.6458,   -0.000951553,   1.7,   1.69064,   1750,   
08/05/2017 01:57:27.959862,   81.8417,   20.0899,   -3.47219,   -0.00331763,   1.7,   1.70477,   1750,   
08/05/2017 01:57:28.959817,   81.8417,   20.0861,   -3.47219,   0.00122523,   1.7,   1.68008,   1750,   
08/05/2017 01:57:29.958945,   81.8417,   20.082,   -3.6458,   -0.00423953,   1.7,   1.67159,   1750,   
08/05/2017 01:57:30.958017,   81.8417,   20.0782,   -3.6458,   -0.00125949,   1.7,   1.68659,   1750,   
08/05/2017 01:57:31.957220,   81.8417,   20.0764,   -3.47219,   -0.00330811,   1.7,   1.65968,   1750,   
08/05/2017 01:57:32.956560,   81.8417,   20.0718,   -3.6458,   -0.000874094,   1.7,   1.64532,   1750,   
08/05/2017 01:57:33.955762,   81.8417,   20.0685,   -3.47219,   0.000879559,   1.7,   1.63431,   1750,   
08/05/2017 01:57:34.955288,   81.8417,   20.0647,   -3.47219,   -0.000884228,   1.7,   1.67636,   1750,   
08/05/2017 01:57:35.954312,   81.8417,   20.0628,   -3.6458,   -0.00174801,   1.7,   1.71924,   1750,   
08/05/2017 01:57:36.953590,   81.8417,   20.0596,   -3.6458,   -0.00131217,   1.7,   1.73837,   1750,   
08/05/2017 01:57:37.952793,   81.8417,   20.0565,   -3.47219,   -0.00110296,   1.7,   1.75075,   1750,   
08/05/2017 01:57:38.951992,   81.8417,   20.0533,   -3.47219,   -0.00110296,   1.7,   1.7661,   1750,   
08/05/2017 01:57:39.951135,   81.8417,   20.0513,   -3.47219,   0.00145896,   1.7,   1.77598,   1750,   
08/05/2017 01:57:40.950337,   81.8417,   20.0475,   -3.6458,   0.00364743,   1.7,   1.78702,   1750,   
08/05/2017 01:57:41.950067,   81.8417,   20.0432,   -3.6458,   -0.00168924,   1.7,   1.76524,   1750,   
08/05/2017 01:57:42.949096,   81.8417,   20.04,   -3.47219,   -0.00273853,   1.7,   1.71563,   1750,   
08/05/2017 01:57:43.948179,   81.8417,   20.0373,   -3.47219,   0.000665747,   1.7,   1.66634,   1750,   
08/05/2017 01:57:44.947262,   81.8417,   20.0332,   -3.47219,   -8.40586e-05,   1.7,   1.65192,   1750,   
08/05/2017 01:57:45.946290,   81.8417,   20.0296,   -3.6458,   -0.000848951,   1.7,   1.68461,   1750,   
08/05/2017 01:57:46.945361,   81.8417,   20.0268,   -3.6458,   -0.00142261,   1.7,   1.67596,   1800,   
08/05/2017 01:57:47.944554,   81.8417,   20.0235,   -3.6458,   -0.000117958,   1.7,   1.68931,   1800,   
08/05/2017 01:57:48.943729,   81.8417,   20.0202,   -3.47219,   -0.00339314,   1.7,   1.64192,   1800,   
08/05/2017 01:57:49.942825,   81.8417,   20.0172,   -3.6458,   0.000820781,   1.7,   1.66265,   1800,   
08/05/2017 01:57:50.942028,   81.8417,   20.0132,   -3.47219,   -0.00337833,   1.7,   1.64547,   1800,   
08/05/2017 01:57:51.941968,   81.8417,   20.0103,   -3.47219,   -0.00371595,   1.7,   1.66626,   1800,   
08/05/2017 01:57:52.941108,   81.8417,   20.0077,   -3.47219,   -0.00141891,   1.7,   1.6644,   1800,   
08/05/2017 01:57:53.940373,   81.8417,   20.0037,   -3.47219,   -0.00551081,   1.7,   1.66204,   1800,   
08/05/2017 01:57:54.939439,   81.8417,   20.0006,   -3.47219,   -0.000166828,   1.7,   1.66155,   1800,   
08/05/2017 01:57:55.938541,   81.8417,   19.9992,   -3.47219,   -0.0050856,   1.7,   1.6736,   1800,   
08/05/2017 01:57:56.937667,   81.8417,   19.9943,   -3.6458,   -0.00353885,   1.7,   1.70922,   1800,   
08/05/2017 01:57:57.937274,   81.8417,   19.9904,   -3.6458,   0.00105119,   1.7,   1.75354,   1800,   
08/05/2017 01:57:58.936460,   81.8417,   19.9889,   -3.47219,   -0.00808976,   1.7,   1.72686,   1800,   
08/05/2017 01:57:59.935507,   81.8417,   19.9868,   -3.47219,   -0.000538716,   1.7,   1.78977,   1800,   
08/05/2017 01:58:00.934689,   81.8417,   19.9839,   -3.6458,   -0.00497789,   1.7,   1.812,   1800,   
08/05/2017 01:58:01.933915,   81.8417,   19.9794,   -3.6458,   -0.000405546,   1.7,   1.83643,   1800,   
08/05/2017 01:58:02.933094,   81.8417,   19.977,   -3.47219,   -0.00195103,   1.7,   1.83544,   1800,   
08/05/2017 01:58:03.933045,   81.8417,   19.9732,   -3.47219,   0.000497104,   1.7,   -1.39915,   1800,   
08/05/2017 01:58:04.933042,   81.8417,   20.1949,   -3.47219,   0.748186,   1.7,   -0.335819,   1800,   
08/05/2017 01:58:05.932078,   82.0398,   20.2185,   -3.47219,   0.76424,   1.7,   -0.213863,   1800,   
08/05/2017 01:58:06.931279,   82.0398,   20.2157,   -3.47219,   0.734544,   1.7,   -0.172119,   1850,   
08/05/2017 01:58:07.930503,   82.0398,   20.2121,   -3.6458,   0.740198,   1.7,   -0.157082,   1850,   
08/05/2017 01:58:08.929700,   82.0398,   20.2098,   -3.47219,   -0.00114797,   1.7,   -0.157665,   1850,   
08/05/2017 01:58:09.929324,   82.0398,   20.2046,   -3.47219,   -0.00459889,   1.7,   -0.173608,   1850,   
08/05/2017 01:58:10.928481,   82.0398,   20.2014,   -3.6458,   -0.0025181,   1.7,   -0.216846,   1850,   
08/05/2017 01:58:11.928026,   82.0398,   20.1988,   -3.6458,   -0.00355207,   1.7,   -0.345459,   1850,   
08/05/2017 01:58:12.927516,   82.0398,   20.1942,   -3.47219,   -0.00102798,   1.7,   -1.59186,   1850,   
08/05/2017 01:58:13.927314,   82.0398,   20.1914,   -3.47219,   0.000155335,   1.7,   1.54287,   1850,   
08/05/2017 01:58:14.927132,   82.0398,   20.1872,   -3.47219,   0.00116078,   1.7,   1.52632,   1850,   
08/05/2017 01:58:15.927087,   82.0398,   20.1834,   -3.47219,   -0.00490125,   1.7,   1.49371,   1850,   
08/05/2017 01:58:16.926210,   82.0398,   20.1799,   -3.47219,   -0.000239779,   1.7,   1.47973,   1850,   
08/05/2017 01:58:17.925297,   82.0398,   20.1785,   -3.6458,   -0.000931724,   1.7,   1.46751,   1850,   
08/05/2017 01:58:18.924549,   82.0398,   20.1729,   -3.6458,   -0.00241682,   1.7,   1.46167,   1850,   
08/05/2017 01:58:19.923638,   82.0398,   20.1684,   -3.47219,   -0.00242052,   1.7,   1.46199,   1850,   
08/05/2017 01:58:20.922797,   82.0398,   20.1669,   -3.6458,   -0.00119629,   1.7,   1.4719,   1850,   
08/05/2017 01:58:21.922008,   82.0398,   20.1625,   -3.6458,   -0.00286086,   1.7,   1.46402,   1850,   
08/05/2017 01:58:22.921074,   82.0398,   20.1596,   -3.6458,   -0.00216973,   1.7,   1.47352,   1850,   
08/05/2017 01:58:23.920129,   82.0398,   20.1557,   -3.6458,   -0.00304505,   1.7,   1.50585,   1850,   
08/05/2017 01:58:24.919317,   82.0398,   20.1515,   -3.6458,   0.000731154,   1.7,   1.53946,   1850,   
08/05/2017 01:58:25.918416,   82.0398,   20.1489,   -3.47219,   -0.00113107,   1.7,   1.54358,   1850,   
08/05/2017 01:58:26.917457,   82.0398,   20.1463,   -3.6458,   -0.00255484,   1.7,   1.55894,   1900,   
08/05/2017 01:58:27.916671,   82.0398,   20.1422,   -3.6458,   -0.00305732,   1.7,   1.55967,   1900,   
08/05/2017 01:58:28.916006,   82.0398,   20.1382,   -3.6458,   0.00075356,   1.7,   1.55264,   1900,   
08/05/2017 01:58:29.915564,   82.0398,   20.135,   -3.6458,   0.00075356,   1.7,   1.55815,   1900,   
08/05/2017 01:58:30.914616,   82.0398,   20.1316,   -3.47219,   0.000690461,   1.7,   1.54488,   1900,   
08/05/2017 01:58:31.914186,   82.0398,   20.1266,   -3.47219,   -0.00159189,   1.7,   1.54094,   1900,   
08/05/2017 01:58:32.913918,   82.0398,   20.1242,   -3.47219,   -0.00358538,   1.7,   1.57141,   1900,   
08/05/2017 01:58:33.913880,   82.0398,   20.1207,   -3.6458,   0.00210892,   1.7,   1.56955,   1900,   
08/05/2017 01:58:34.913134,   82.0398,   20.1174,   -3.47219,   -0.000480524,   1.7,   1.58599,   1900,   
08/05/2017 01:58:35.912297,   82.0398,   20.1128,   -3.47219,   -0.00473381,   1.7,   1.59053,   1900,   
08/05/2017 01:58:36.911412,   82.0398,   20.1095,   -3.47219,   0.000730993,   1.7,   1.58064,   1900,   
08/05/2017 01:58:37.910436,   82.0398,   20.1051,   -3.47219,   0.000909024,   1.7,   1.58363,   1900,   
08/05/2017 01:58:38.909833,   82.0398,   20.1013,   -3.81947,   -0.00496694,   1.7,   1.54594,   1900,   
08/05/2017 01:58:39.909718,   82.0398,   20.0988,   -3.81947,   -0.00313022,   1.7,   1.5378,   1900,   
08/05/2017 01:58:40.908919,   82.0398,   20.0959,   -3.47219,   -0.00519225,   1.7,   1.52558,   1900,   
08/05/2017 01:58:41.908197,   82.0398,   20.0909,   -3.29865,   -0.00519225,   1.7,   1.50409,   1900,   
08/05/2017 01:58:42.907765,   82.0398,   20.0886,   -3.6458,   -0.000235176,   1.7,   1.50253,   1900,   
08/05/2017 01:58:43.906989,   82.0398,   20.0856,   -3.47219,   0.000964591,   1.7,   1.46803,   1900,   
08/05/2017 01:58:44.906196,   82.0398,   20.0795,   -3.47219,   -8.41548e-05,   1.7,   1.48542,   1900,   
08/05/2017 01:58:45.905293,   82.0398,   20.0763,   -3.6458,   -0.00400125,   1.7,   1.4884,   1900,   
08/05/2017 01:58:46.904688,   82.0398,   20.0727,   -3.47219,   5.82391e-05,   1.7,   1.50406,   1950,   
08/05/2017 01:58:47.903985,   82.0398,   20.0695,   -3.47219,   0.000238138,   1.7,   1.56082,   1950,   
08/05/2017 01:58:48.903264,   82.0398,   20.0661,   -3.47219,   -0.00163776,   1.7,   1.57342,   1950,   
08/05/2017 01:58:49.903170,   82.0398,   20.0625,   -3.47219,   -0.00114784,   1.7,   1.56903,   1950,   
08/05/2017 01:58:50.902322,   82.0398,   20.0593,   -3.6458,   -0.00289934,   1.7,   1.54897,   1950,   
08/05/2017 01:58:51.901626,   82.0398,   20.0564,   -3.47219,   -0.00306356,   1.7,   1.55166,   1950,   
08/05/2017 01:58:52.901287,   82.0398,   20.0516,   -3.47219,   -0.00671592,   1.7,   1.52959,   1950,   
08/05/2017 01:58:53.901211,   82.0398,   20.0488,   -3.6458,   -0.00121316,   1.7,   1.50379,   1950,   
08/05/2017 01:58:54.900418,   82.0398,   20.0454,   -3.6458,   -0.00152966,   1.7,   1.47568,   1950,   
08/05/2017 01:58:55.899440,   82.0398,   20.0419,   -3.47219,   -0.00829584,   1.7,   1.43776,   1950,   
08/05/2017 01:58:56.898821,   82.0398,   20.0384,   -3.47219,   -0.00422214,   1.7,   1.4351,   1950,   
08/05/2017 01:58:57.898064,   82.0398,   20.0345,   -3.47219,   -0.00241747,   1.7,   1.48318,   1950,   
08/05/2017 01:58:58.897278,   82.0398,   20.0309,   -3.6458,   -0.00122652,   1.7,   1.54852,   1950,   
08/05/2017 01:58:59.896433,   82.0398,   20.0276,   -3.6458,   -0.00041369,   1.7,   1.57209,   1950,   
08/05/2017 01:59:00.895889,   82.0398,   20.0247,   -3.6458,   0.0016065,   1.7,   1.55989,   1950,   
08/05/2017 01:59:01.895016,   82.0398,   20.021,   -3.47219,   -0.00211574,   1.7,   1.60771,   1950,   
08/05/2017 01:59:02.894108,   82.0398,   20.018,   -3.47219,   -0.00135024,   1.7,   1.63573,   1950,   
08/05/2017 01:59:03.893528,   82.0398,   20.015,   -3.47219,   -0.00180275,   1.7,   1.66339,   1950,   
08/05/2017 01:59:04.892785,   82.0398,   20.012,   -3.6458,   -0.00393942,   1.7,   1.66713,   1950,   
08/05/2017 01:59:05.891830,   82.0398,   20.0079,   -3.6458,   -0.000291415,   1.7,   1.63032,   1950,   
08/05/2017 01:59:06.891027,   82.0398,   20.0055,   -3.47219,   -9.27185e-05,   1.7,   1.62517,   1950,   
08/05/2017 01:59:07.890990,   82.0398,   20.0015,   -3.47219,   -0.00246334,   1.7,   1.58236,   2000,   
08/05/2017 01:59:08.890252,   82.0398,   19.9986,   -3.6458,   0.000605952,   1.7,   1.58397,   2000,   
08/05/2017 01:59:09.889280,   82.0398,   19.9946,   -3.6458,   0.000454126,   1.7,   1.55731,   2000,   
08/05/2017 01:59:10.889276,   82.0398,   19.9909,   -3.6458,   -0.00119474,   1.7,   1.53849,   2000,   
08/05/2017 01:59:11.889173,   82.0398,   19.9891,   -3.6458,   0.000231409,   1.7,   1.55099,   2000,   
08/05/2017 01:59:12.888510,   82.0398,   19.9862,   -3.47219,   -0.00147976,   1.7,   1.58593,   2000,   
08/05/2017 01:59:13.888028,   82.0398,   19.9821,   -3.6458,   -0.000461112,   1.7,   1.60234,   2000,   
08/05/2017 01:59:14.887450,   82.0398,   19.9774,   -3.47219,   -0.000856774,   1.7,   1.62041,   2000,   
08/05/2017 01:59:15.886682,   82.0398,   19.9744,   -3.6458,   0.00123254,   1.7,   1.63654,   2000,   
08/05/2017 01:59:16.886641,   82.0398,   19.9719,   -3.6458,   0.000207006,   1.7,   1.67926,   2000,   
08/05/2017 01:59:17.885713,   82.0398,   19.9673,   -3.6458,   6.0041e-05,   1.7,   1.67479,   2000,   
08/05/2017 01:59:18.884767,   82.0398,   19.9642,   -3.47219,   -0.00160155,   1.7,   1.6969,   2000,   
08/05/2017 01:59:19.883939,   82.0398,   19.9608,   -3.6458,   0.00207388,   1.7,   1.70997,   2000,   
08/05/2017 01:59:20.883063,   82.0398,   19.9566,   -3.6458,   -0.000299627,   1.7,   1.67984,   2000,   
08/05/2017 01:59:21.882247,   82.0398,   19.954,   -3.6458,   -0.00298886,   1.7,   1.70202,   2000,   
08/05/2017 01:59:22.881434,   82.0398,   19.9506,   -3.47219,   0.000256156,   1.7,   1.75921,   2000,   
08/05/2017 01:59:23.880684,   82.0398,   19.9466,   -3.47219,   -0.00184184,   1.7,   -1.45278,   2000,   
08/05/2017 01:59:24.879705,   82.0398,   20.1919,   -3.6458,   0.771982,   1.7,   -0.342615,   2000,   
08/05/2017 01:59:25.879647,   80.6628,   20.1894,   -3.6458,   0.76829,   1.7,   -0.217917,   2000,   
08/05/2017 01:59:26.879283,   80.6628,   20.1862,   -3.47219,   0.708199,   1.7,   -0.175445,   2000,   
08/05/2017 01:59:27.878489,   80.6628,   20.1836,   -3.6458,   0.795984,   1.7,   -0.15985,   2000,   
08/05/2017 01:59:28.877681,   80.6628,   20.1805,   -3.47219,   -0.0032302,   1.7,   -0.160222,   2000,   
08/05/2017 01:59:29.876725,   80.6628,   20.1773,   -3.6458,   -0.00546009,   1.7,   -0.176379,   2000,   
08/05/2017 01:59:30.876724,   80.6628,   20.1729,   -3.6458,   -0.00509188,   1.7,   -0.220795,   2000,   
08/05/2017 01:59:31.875920,   80.6628,   20.1717,   -3.6458,   -0.00272288,   1.7,   -0.350937,   2000,   
08/05/2017 01:59:32.875773,   80.6628,   20.1675,   -3.6458,   -0.00231847,   1.7,   -1.55997,   2000,   
08/05/2017 01:59:33.875754,   80.6628,   20.1643,   -3.47219,   -0.00045947,   1.7,   1.68069,   2000,   
08/05/2017 01:59:34.874952,   80.6628,   20.16,   -3.6458,   -0.00289113,   1.7,   1.69248,   2000,   
08/05/2017 01:59:35.874918,   80.6628,   20.1564,   -3.6458,   -0.00184654,   1.7,   1.67085,   2000,   
08/05/2017 01:59:36.874141,   80.6628,   20.154,   -3.6458,   -0.00130863,   1.7,   1.66439,   2000,   
08/05/2017 01:59:37.873497,   80.6628,   20.1493,   -3.6458,   -0.00176234,   1.7,   1.71007,   2000,   
08/05/2017 01:59:38.872552,   80.6628,   20.1468,   -3.6458,   2.44671e-05,   1.7,   1.71395,   2000,   
08/05/2017 01:59:39.872216,   80.6628,   20.1438,   -3.6458,   0.000761383,   1.7,   1.69155,   2000,   
08/05/2017 01:59:40.872172,   80.6628,   20.1418,   -3.81947,   -0.00397565,   1.7,   1.66066,   2000,   
08/05/2017 01:59:41.871267,   80.6628,   20.1381,   -3.6458,   0.00179003,   1.7,   1.6186,   2000,   
08/05/2017 01:59:42.870502,   80.6628,   20.1337,   -3.6458,   0.000947979,   1.7,   1.5918,   2000,   
08/05/2017 01:59:43.869684,   80.6628,   20.1316,   -3.6458,   0.00143752,   1.7,   1.60308,   2000,   
08/05/2017 01:59:44.868984,   80.6628,   20.129,   -3.47219,   -0.000267112,   1.7,   1.61119,   2000,   
08/05/2017 01:59:45.868591,   80.6628,   20.1248,   -3.81947,   0.000335852,   1.7,   1.60464,   2000,   
08/05/2017 01:59:46.867804,   80.6628,   20.1217,   -3.6458,   -0.00233148,   1.7,   1.61868,   2000,   
08/05/2017 01:59:47.866872,   80.6628,   20.1194,   -3.81947,   -0.00557022,   1.7,   1.6672,   2000,   
08/05/2017 01:59:48.866052,   80.6628,   20.1144,   -3.6458,   4.87418e-05,   1.7,   1.69577,   2000,   
08/05/2017 01:59:49.865195,   80.6628,   20.1113,   -3.6458,   -0.000741902,   1.7,   1.69887,   2000,   
08/05/2017 01:59:50.864681,   80.6628,   20.1087,   -3.47219,   -0.00398048,   1.7,   1.66644,   2000,   
08/05/2017 01:59:51.863928,   80.6628,   20.1038,   -3.81947,   -0.010429,   1.7,   1.61505,   2000,   
08/05/2017 01:59:52.863135,   80.6628,   20.1016,   -3.6458,   -0.00720746,   1.7,   1.56461,   2000,   
08/05/2017 01:59:53.862173,   80.6628,   20.0972,   -3.6458,   -0.00150892,   1.7,   1.56863,   2000,   
08/05/2017 01:59:54.861344,   80.6628,   20.0927,   -3.47219,   0.000708972,   1.7,   1.56083,   2000,   
08/05/2017 01:59:55.860417,   80.6628,   20.0883,   -3.6458,   -0.00672574,   1.7,   1.54785,   2000,   
08/05/2017 01:59:56.859596,   80.6628,   20.0843,   -3.6458,   -0.00351003,   1.7,   1.53684,   2000,   
08/05/2017 01:59:57.858786,   80.6628,   20.0823,   -3.6458,   -0.00604389,   1.7,   1.53372,   2000,   
08/05/2017 01:59:58.858020,   80.6628,   20.0783,   -3.47219,   -0.0023618,   1.7,   1.52143,   2000,   
08/05/2017 01:59:59.857178,   80.6628,   20.0753,   -3.6458,   0.000288135,   1.7,   1.52631,   2000,   
08/05/2017 02:00:00.856385,   80.6628,   20.0711,   -3.6458,   -0.00590607,   1.7,   1.51348,   2000,   
08/05/2017 02:00:01.855579,   80.6628,   20.0679,   -3.81947,   -0.00292304,   1.7,   1.49229,   2000,   
08/05/2017 02:00:02.855211,   80.6628,   20.0645,   -3.6458,   0.00111735,   1.7,   1.47004,   2000,   
08/05/2017 02:00:03.854414,   80.6628,   20.0615,   -3.6458,   -0.0013212,   1.7,   1.48074,   2000,   
08/05/2017 02:00:04.853644,   80.6628,   20.0561,   -3.6458,   -0.000274227,   1.7,   1.47509,   2000,   
08/05/2017 02:00:05.853040,   80.6628,   20.0543,   -3.6458,   -0.00775487,   1.7,   1.49527,   2000,   
08/05/2017 02:00:06.852402,   80.6628,   20.0489,   -3.6458,   -0.00240619,   1.7,   1.50024,   2000,   
08/05/2017 02:00:07.851638,   80.6628,   20.0462,   -3.81947,   -0.00405953,   1.7,   1.50244,   2000,   
08/05/2017 02:00:08.851640,   80.6628,   20.0408,   -3.81947,   0.000198218,   1.7,   1.50009,   2000,   
08/05/2017 02:00:09.850780,   80.6628,   20.0388,   -3.81947,   -0.00435255,   1.7,   1.5205,   2000,   
08/05/2017 02:00:10.850717,   80.6628,   20.0363,   -3.47219,   -0.0024211,   1.7,   1.5424,   2000,   
08/05/2017 02:00:11.849934,   80.6628,   20.0318,   -3.6458,   -0.00673121,   1.7,   1.54033,   2000,   
08/05/2017 02:00:12.849547,   80.6628,   20.0279,   -3.81947,   -0.000197068,   1.7,   1.53647,   2000,   
08/05/2017 02:00:13.848734,   80.6628,   20.0242,   -3.6458,   0.00212959,   1.7,   1.53247,   2000,   
08/05/2017 02:00:14.848497,   80.6628,   20.0213,   -3.47219,   -0.00150377,   1.7,   1.50736,   2000,   
08/05/2017 02:00:15.847663,   80.6628,   20.0173,   -3.47219,   -0.00306872,   1.7,   1.51783,   2000,   
08/05/2017 02:00:16.846894,   80.6628,   20.0144,   -3.6458,   0.00221642,   1.7,   1.53023,   2000,   
08/05/2017 02:00:17.846689,   80.6628,   20.0107,   -3.6458,   -0.000281438,   1.7,   1.52777,   2000,   
08/05/2017 02:00:18.845873,   80.6628,   20.0067,   -3.47219,   -0.00129661,   1.7,   1.51181,   2000,   
08/05/2017 02:00:19.845027,   80.6628,   20.003,   -3.6458,   0.00215963,   1.7,   1.5133,   2000,   
08/05/2017 02:00:20.844992,   80.6628,   19.9996,   -3.47219,   -0.00776324,   1.7,   1.51937,   2000,   
08/05/2017 02:00:21.844127,   80.6628,   19.9967,   -3.47219,   0.000374897,   1.7,   1.50983,   2000,   
08/05/2017 02:00:22.843283,   80.6628,   19.9932,   -3.47219,   -0.0026492,   1.7,   1.51349,   2000,   
08/05/2017 02:00:23.842460,   80.6628,   19.9894,   -3.47219,   -0.00307924,   1.7,   -1.67002,   2000,   
08/05/2017 02:00:24.841819,   80.6628,   20.2344,   -3.47219,   0.764905,   1.7,   -0.352648,   2000,   
08/05/2017 02:00:25.841789,   80.1357,   20.2305,   -3.47219,   0.773498,   1.7,   -0.220733,   2000,   
08/05/2017 02:00:26.840881,   80.1357,   20.228,   -3.47219,   0.764128,   1.7,   -0.176639,   2000,   
08/05/2017 02:00:27.840036,   80.1357,   20.2251,   -3.6458,   0.751406,   1.7,   -0.160252,   2000,   
08/05/2017 02:00:28.839348,   80.1357,   20.222,   -3.6458,   -0.000692746,   1.7,   -0.160144,   2000,   
08/05/2017 02:00:29.838997,   80.1357,   20.218,   -3.6458,   -0.00554382,   1.7,   -0.175733,   2000,   
08/05/2017 02:00:30.838092,   80.1357,   20.2158,   -3.6458,   -0.00163976,   1.7,   -0.21859,   2000,   
08/05/2017 02:00:31.837283,   80.1357,   20.211,   -3.47219,   -0.000767984,   1.7,   -0.345629,   2000,   
08/05/2017 02:00:32.837047,   80.1357,   20.208,   -3.47219,   -0.00323393,   1.7,   -1.49122,   2000,   
08/05/2017 02:00:33.836426,   80.1357,   20.2044,   -3.47219,   -0.00334677,   1.7,   1.74441,   2000,   
08/05/2017 02:00:34.835745,   80.1357,   20.1992,   -3.6458,   -0.000263796,   1.7,   1.71019,   2000,   
08/05/2017 02:00:35.835214,   80.1357,   20.1987,   -3.47219,   0.000429369,   1.7,   1.67781,   2000,   
08/05/2017 02:00:36.834862,   80.1357,   20.1952,   -3.47219,   0.00239055,   1.7,   1.61166,   2000,   
08/05/2017 02:00:37.834750,   80.1357,   20.1936,   -3.47219,   -0.0010445,   1.7,   1.59332,   2000,   
08/05/2017 02:00:38.834696,   80.1357,   20.1896,   -3.6458,   0.00047708,   1.7,   1.60994,   2000,   
08/05/2017 02:00:39.834050,   80.1357,   20.1846,   -3.6458,   0.000305584,   1.7,   1.61563,   2000,   
08/05/2017 02:00:40.833937,   80.1357,   20.1827,   -3.6458,   -0.00134992,   1.7,   1.65947,   2000,   
08/05/2017 02:00:41.833329,   80.1357,   20.1794,   -3.47219,   -0.00027706,   1.7,   1.66437,   2000,   
08/05/2017 02:00:42.832532,   80.1357,   20.1752,   -3.47219,   -0.000215441,   1.7,   1.67631,   2000,   
08/05/2017 02:00:43.832092,   80.1357,   20.1719,   -3.47219,   -0.000196028,   1.7,   1.65375,   2000,   
08/05/2017 02:00:44.831173,   80.1357,   20.1686,   -3.47219,   -0.00165566,   1.7,   1.63502,   2000,   
08/05/2017 02:00:45.831122,   80.1357,   20.1647,   -3.47219,   -0.00327054,   1.7,   1.63021,   2000,   
08/05/2017 02:00:46.830495,   80.1357,   20.1609,   -3.47219,   -0.00273503,   1.7,   1.59381,   2000,   
08/05/2017 02:00:47.829500,   80.1357,   20.1555,   -3.47219,   0.00131261,   1.7,   1.58748,   2000,   
08/05/2017 02:00:48.828998,   80.1357,   20.1547,   -3.47219,   -9.28793e-05,   1.7,   1.58832,   2000,   
08/05/2017 02:00:49.828053,   80.1357,   20.1523,   -3.6458,   -0.00609316,   1.7,   1.55695,   2000,   
08/05/2017 02:00:50.827134,   80.1357,   20.1484,   -3.6458,   -0.00199386,   1.7,   1.54419,   2000,   
08/05/2017 02:00:51.826308,   80.1357,   20.1441,   -3.6458,   0.00040503,   1.7,   1.52968,   2000,   
08/05/2017 02:00:52.825450,   80.1357,   20.1411,   -3.6458,   -0.00128046,   1.7,   1.51636,   2000,   
08/05/2017 02:00:53.824705,   80.1357,   20.1373,   -3.6458,   -7.74424e-05,   1.7,   1.46843,   2000
